,group,subgroup,X1,X2,X3,X4,X5,X6,X7,X8,X9,X10,X11,X12,X13,X14,X15,X16,X17,X18,X19,X20
WAG,general,general,0.08662791,0.043972,0.0390894,0.05704511,0.0193078,0.0367281,0.05805891,0.08325181,0.0244313,0.048466,0.08620901,0.06202861,0.0195027,0.0384319,0.0457631,0.06951791,0.06101271,0.0143859,0.0352742,0.07089561
Dayhoff,general,general,0.08712691,0.04090396,0.04043196,0.04687195,0.03347397,0.03825496,0.04952995,0.08861191,0.03361897,0.03688596,0.08535691,0.08048092,0.01475299,0.03977196,0.05067995,0.06957693,0.05854194,0.01049399,0.02991597,0.06471794
JTT,general,general,0.07674792,0.05169095,0.04264496,0.05154395,0.01980298,0.04075196,0.06182994,0.07315193,0.02294398,0.05376095,0.09190391,0.05867594,0.02382598,0.04012596,0.05090095,0.06876493,0.05856494,0.01426099,0.03210197,0.06600493
LG,general,general,0.07906592,0.05594094,0.04197696,0.05305195,0.01293699,0.04076696,0.07158593,0.05733694,0.02235498,0.06215694,0.0990809,0.06459994,0.02295098,0.04230196,0.04403996,0.06119694,0.05328695,0.01206599,0.03415497,0.06914693
VT,general,general,0.077076462,0.050081937,0.04623774,0.053792986,0.014453339,0.040892361,0.063357934,0.065567236,0.021880269,0.05919697,0.097646128,0.059207941,0.022069588,0.041350852,0.04768716,0.070729517,0.056775916,0.01270198,0.032374605,0.066919082
PMB,general,general,0.07559244,0.05379462,0.03769623,0.04469553,0.02849715,0.03389661,0.05349465,0.0779922,0.029997,0.05989401,0.09579042,0.0519948,0.02189781,0.0449955,0.0419958,0.06819318,0.05639436,0.01569843,0.0359964,0.07149285
Blosum62,general,general,0.074,0.052,0.045,0.054,0.025,0.034,0.054,0.074,0.026,0.068,0.099,0.058,0.025,0.047,0.039,0.057,0.051,0.013,0.032,0.073
mtREV,organellar,organellar,0.072,0.019,0.039,0.019,0.006,0.025,0.024,0.056,0.028,0.088,0.169,0.023,0.054,0.061,0.054,0.072,0.086,0.029,0.033,0.043
mtMAM,organellar,organellar,0.0692,0.0184,0.04,0.0186,0.0065,0.0238,0.0236,0.0557,0.0277,0.0905,0.1675,0.0221,0.0561,0.0611,0.0536,0.0725,0.087,0.0293,0.034,0.0428
mtART,organellar,organellar,0.054116,0.018227,0.039903,0.02016,0.009709,0.018781,0.024289,0.068183,0.024518,0.092638,0.148658,0.021718,0.061453,0.088668,0.041826,0.09103,0.049194,0.029786,0.039443,0.0577
mtZOA,organellar,organellar,0.06887993,0.02103698,0.03038997,0.02069598,0.00996599,0.01862298,0.02498898,0.07196793,0.02681397,0.08507191,0.15671684,0.01927598,0.05065195,0.08171192,0.04480296,0.08053492,0.05638594,0.02799797,0.03740396,0.06608293
mtMet,organellar,organellar,0.043793213,0.012957804,0.057001317,0.016899005,0.011330503,0.018018105,0.022538507,0.047050114,0.017183705,0.089779427,0.155226047,0.039913512,0.06744432,0.088448027,0.037528211,0.093752228,0.063579019,0.022671307,0.041568212,0.053317416
mtVer,organellar,organellar,0.070820265,0.014049893,0.045209877,0.014793693,0.006814197,0.026340887,0.021495189,0.044239978,0.024230988,0.090735055,0.172309914,0.027381186,0.056193972,0.049775775,0.054386273,0.074421863,0.108809946,0.025652687,0.026484687,0.045853677
mtInv,organellar,organellar,0.031742313,0.010900704,0.061579225,0.016149206,0.013570105,0.014644106,0.022311209,0.047847519,0.011641805,0.094322338,0.14940706,0.044438718,0.077262531,0.102287041,0.026290211,0.105939042,0.042869117,0.020701008,0.046556719,0.059540024
cpREV,organellar,organellar,0.0755,0.0621,0.041,0.0371,0.0091,0.0382,0.0495,0.0838,0.0246,0.0806,0.1011,0.0504,0.022,0.0506,0.0431,0.0622,0.0543,0.0181,0.0307,0.066
HIVb,viral,viral,0.060490222,0.066039665,0.044127815,0.042109048,0.020075899,0.053606488,0.071567447,0.072308239,0.022293943,0.069730629,0.098851122,0.056968211,0.019768318,0.028809447,0.046025282,0.05060433,0.053636813,0.033011601,0.028350243,0.061625237
HIVw,viral,viral,0.0377494,0.057321,0.0891129,0.0342034,0.0240105,0.0437824,0.0618606,0.0838496,0.0156076,0.0983641,0.0577867,0.0641682,0.0158419,0.0422741,0.0458601,0.0550846,0.0813774,0.019597,0.0205847,0.0515638
FLU,viral,viral,0.04707195,0.05090995,0.07421393,0.04785995,0.02502197,0.03330397,0.05458695,0.07637292,0.01996398,0.06713393,0.07149793,0.05678494,0.01815098,0.03049597,0.05065595,0.08840891,0.07433893,0.01852398,0.03147397,0.06322894
rtREV,viral,viral,0.0646,0.0453,0.0376,0.0422,0.0114,0.0606,0.0607,0.0639,0.0273,0.0679,0.1018,0.0751,0.015,0.0287,0.0681,0.0488,0.0622,0.0251,0.0318,0.0619
Q.LG,general,general,0.079986,0.053085,0.041306,0.050302,0.014855,0.03604,0.061659,0.064749,0.0218,0.063503,0.10604,0.057221,0.023366,0.04762,0.039789,0.063062,0.052908,0.015002,0.037417,0.070292
Q.pfam.2,general,general,0.085802,0.057729,0.042024,0.05646,0.010454,0.039556,0.067792,0.064902,0.021053,0.055376,0.100362,0.059369,0.019892,0.042793,0.039631,0.069245,0.055508,0.014404,0.033256,0.064392
Q.pfam_gblocks,general,general,0.08766,0.058154,0.037239,0.048117,0.013233,0.03808,0.063213,0.059035,0.021871,0.061155,0.11158,0.056999,0.022763,0.046732,0.035355,0.065285,0.052818,0.01555,0.035618,0.069541
Q.plant,clade,clade,0.074923,0.0505,0.038734,0.053195,0.0113,0.037499,0.068513,0.059627,0.021204,0.058991,0.102504,0.067306,0.022371,0.043798,0.037039,0.084451,0.04785,0.012322,0.030777,0.077097
Q.bird,clade,clade,0.066363,0.054021,0.037784,0.047511,0.022651,0.048841,0.071571,0.058368,0.025403,0.045108,0.100181,0.061361,0.021069,0.03823,0.053861,0.089298,0.053536,0.012313,0.027173,0.065359
Q.mammal,clade,clade,0.067997,0.055503,0.036288,0.046867,0.021435,0.050281,0.068935,0.055323,0.02641,0.041953,0.101191,0.060037,0.019662,0.036237,0.055146,0.096864,0.057136,0.011785,0.02473,0.066223
Q.insect,clade,clade,0.063003,0.049585,0.04755,0.048622,0.015291,0.044058,0.072012,0.03781,0.022358,0.066563,0.107325,0.080621,0.023976,0.041578,0.028532,0.081767,0.055167,0.009698,0.032219,0.072265
Q.yeast,clade,clade,0.059954,0.042032,0.052518,0.054641,0.008189,0.040467,0.070691,0.039935,0.018393,0.069555,0.109563,0.081967,0.018694,0.046979,0.031382,0.091102,0.055887,0.010241,0.033496,0.064313
EX2.exp,mixture,EX,0.088367,0.078147,0.047163,0.087976,0.004517,0.058526,0.128039,0.056993,0.024856,0.025277,0.045202,0.094639,0.012338,0.016158,0.060124,0.055346,0.05129,0.006771,0.021554,0.036718
EX2.bur,mixture,EX,0.123119,0.019475,0.019852,0.018583,0.018711,0.017275,0.018723,0.050388,0.016402,0.119697,0.161399,0.012776,0.035838,0.057019,0.030913,0.043472,0.049935,0.0126,0.039929,0.133894
EX3.bur,mixture,EX,0.123992,0.016529,0.017595,0.015784,0.019325,0.015552,0.015939,0.049573,0.01454,0.126555,0.167605,0.011083,0.037438,0.058363,0.028849,0.042324,0.049207,0.011962,0.037833,0.139953
EX3.int,mixture,EX,0.086346,0.080808,0.041727,0.06444,0.006654,0.052795,0.09211,0.048527,0.028831,0.040497,0.071679,0.079687,0.018007,0.025901,0.052632,0.052778,0.056138,0.010733,0.034744,0.054964
EX3.hex,mixture,EX,0.094155,0.070537,0.0522,0.112406,0.002213,0.062733,0.165272,0.062302,0.019853,0.011154,0.019829,0.10886,0.006503,0.006873,0.070091,0.057931,0.046183,0.002449,0.008629,0.019827
EHO.ext,mixture,EHO,0.062087,0.053435,0.023743,0.032063,0.013132,0.034151,0.061042,0.030664,0.022696,0.104732,0.099541,0.054991,0.022312,0.045996,0.025392,0.045673,0.072789,0.012691,0.04379,0.139079
EHO.hel,mixture,EHO,0.121953,0.076798,0.032215,0.066765,0.006842,0.061304,0.131841,0.026596,0.020392,0.047287,0.087919,0.084679,0.02097,0.024145,0.025871,0.042103,0.038715,0.008346,0.023841,0.051421
EHO.oth,mixture,EHO,0.076458,0.052393,0.055429,0.088634,0.007473,0.040671,0.080952,0.100192,0.025439,0.03173,0.0531,0.070835,0.014039,0.023159,0.087111,0.063636,0.055346,0.007033,0.023779,0.04259
UL2.m1,mixture,UL,0.122413,0.017757,0.020209,0.012086,0.018894,0.014525,0.009897,0.045663,0.02012,0.124002,0.168915,0.011684,0.037631,0.063612,0.023347,0.039268,0.046707,0.015603,0.050968,0.136701
UL2.m2,mixture,UL,0.087622,0.083588,0.048847,0.098882,0.002815,0.062809,0.143166,0.055391,0.02331,0.015495,0.032465,0.102135,0.009511,0.008409,0.069323,0.057733,0.051876,0.003945,0.014462,0.028216
UL3.m1,mixture,UL,0.104307,0.092553,0.043722,0.085643,0.003218,0.074342,0.163928,0.024243,0.022216,0.016012,0.038591,0.105577,0.011434,0.016126,0.018057,0.061232,0.061373,0.004086,0.020876,0.032465
UL3.m2,mixture,UL,0.044015,0.021591,0.056258,0.102405,0.00326,0.018409,0.041364,0.168549,0.015843,0.064277,0.118096,0.036061,0.027358,0.036695,0.124914,0.047807,0.022696,0.005866,0.018644,0.025892
UL3.m3,mixture,UL,0.134055,0.044392,0.02073,0.020801,0.021008,0.024509,0.028587,0.029069,0.028138,0.105826,0.117458,0.049732,0.02612,0.038984,0.016306,0.038369,0.055334,0.017276,0.039905,0.143398
EXEHO.burext,mixture,EXE,0.087158,0.015906,0.01297,0.012566,0.020325,0.013301,0.013777,0.039603,0.014597,0.161107,0.147775,0.011033,0.031334,0.064281,0.013322,0.035417,0.048583,0.012672,0.04521,0.199064
EXEHO.burhel,mixture,EXE,0.15806,0.021566,0.016487,0.014079,0.016937,0.020232,0.023096,0.032822,0.014618,0.114447,0.1989,0.014668,0.04284,0.053434,0.01564,0.037275,0.043095,0.012211,0.03633,0.113263
EXEHO.buroth,mixture,EXE,0.102123,0.021199,0.032404,0.03235,0.018985,0.017469,0.017625,0.08927,0.02109,0.083642,0.123866,0.01272,0.029789,0.055399,0.072705,0.061298,0.061705,0.013496,0.039682,0.093184
EXEHO.expext,mixture,EXE,0.04314,0.090761,0.034408,0.052848,0.00637,0.053817,0.107749,0.024812,0.029498,0.049134,0.050167,0.098127,0.013722,0.025841,0.037395,0.056505,0.094326,0.012045,0.039238,0.080099
EXEHO.exphel,mixture,EXE,0.115826,0.094038,0.037357,0.085821,0.003363,0.073078,0.167709,0.025416,0.021634,0.024147,0.050238,0.106612,0.013318,0.01333,0.029895,0.044902,0.037901,0.00646,0.018548,0.030407
EXEHO.expoth,mixture,EXE,0.071716,0.058979,0.060316,0.101089,0.005039,0.044673,0.093349,0.105394,0.026228,0.02022,0.037831,0.081647,0.010677,0.015875,0.090566,0.065046,0.054453,0.005546,0.019924,0.031432
LG4M.1,mixture,LG,0.082276,0.055172,0.043853,0.053484,0.018957,0.028152,0.046679,0.157817,0.033297,0.028284,0.054284,0.025275,0.023665,0.041874,0.063071,0.066501,0.065424,0.023837,0.038633,0.049465
LG4M.2,mixture,LG,0.1209,0.03646,0.02651,0.04041,0.01598,0.021132,0.025191,0.036369,0.015884,0.111029,0.162852,0.02482,0.028023,0.074058,0.012065,0.041963,0.039072,0.012666,0.040478,0.114137
LG4M.3,mixture,LG,0.072639,0.051691,0.038642,0.05558,0.009829,0.031374,0.048731,0.065283,0.023791,0.08664,0.120847,0.052177,0.026728,0.032589,0.039238,0.046748,0.053361,0.008024,0.037426,0.098662
LG4M.4,mixture,LG,0.104843,0.078835,0.043513,0.090498,0.002924,0.066163,0.15164,0.038843,0.022556,0.018383,0.038687,0.104462,0.010166,0.009089,0.06695,0.053667,0.049486,0.004409,0.012924,0.031963
LG4X.1,mixture,LG,0.147383,0.017579,0.058208,0.017707,0.026331,0.041582,0.017494,0.027859,0.011849,0.076971,0.147823,0.019535,0.037132,0.02994,0.008059,0.088179,0.089653,0.006477,0.032308,0.097931
LG4X.2,mixture,LG,0.063139,0.066357,0.011586,0.066571,0.0108,0.009276,0.053984,0.146986,0.034214,0.088822,0.098196,0.03239,0.021263,0.072697,0.016761,0.020711,0.020797,0.025463,0.045615,0.094372
LG4X.3,mixture,LG,0.062457,0.066826,0.049332,0.06527,0.006513,0.041231,0.058965,0.080852,0.028024,0.037024,0.075925,0.064131,0.01962,0.02871,0.104579,0.056388,0.062027,0.008241,0.033124,0.05076
LG4X.4,mixture,LG,0.106471,0.074171,0.044513,0.09639,0.002148,0.066733,0.158908,0.037625,0.020691,0.014608,0.028797,0.105352,0.007864,0.007477,0.083595,0.055726,0.047711,0.003975,0.010088,0.027159
Fclass.1,mixture,F,0.02549352,0.01296012,0.005545202,0.006005566,0.01002193,0.01112289,0.008811948,0.001796161,0.004312188,0.2108274,0.2730413,0.01335451,0.07862202,0.03859909,0.005058205,0.008209453,0.03210019,0.002668138,0.01379098,0.2376598
Fclass.2,mixture,F,0.09596966,0.008786096,0.02805857,0.01880183,0.005026264,0.006454635,0.01582725,0.7215719,0.003379354,0.002257725,0.003013483,0.01343441,0.001511657,0.002107865,0.006751404,0.04798539,0.01141559,0.000523736,0.002188483,0.004934972
Fclass.3,mixture,F,0.01726065,0.005467988,0.01092937,0.3627871,0.001046402,0.01984758,0.5149206,0.004145081,0.002563289,0.002955213,0.005286931,0.01558693,0.002693098,0.002075771,0.003006167,0.01263069,0.01082144,0.000253451,0.001144787,0.004573568
Fclass.4,mixture,F,0.1263139,0.09564027,0.07050061,0.03316681,0.02095119,0.05473468,0.02790523,0.009007538,0.03441334,0.005855319,0.008061884,0.1078084,0.009019514,0.05018693,0.07948,0.09447839,0.09258897,0.01390669,0.05367769,0.01230413
C10.pi1,CAT,C10,0.408257313,0.008178302,0.009628544,0.006987089,0.034938818,0.007527974,0.009784665,0.122161322,0.003915183,0.012578429,0.015833866,0.005967015,0.008131322,0.006160433,0.039415587,0.168245066,0.065813254,0.001875159,0.004157975,0.060442687
C10.pi2,CAT,C10,0.102776349,0.041866449,0.021327205,0.015594362,0.014966345,0.044068548,0.041966745,0.013880579,0.015886481,0.106607664,0.113194413,0.043634368,0.043780033,0.018072931,0.02232507,0.052960809,0.108174101,0.004514721,0.013737386,0.160665445
C10.pi3,CAT,C10,0.035176602,0.001967863,0.001659148,0.000676874,0.007870654,0.001655956,0.001968677,0.00224206,0.001287834,0.351581959,0.127818311,0.001885655,0.024263175,0.012622133,0.002977156,0.00499981,0.025537803,0.001190778,0.003753928,0.388863625
C10.pi4,CAT,C10,0.040851393,0.026988707,0.218564819,0.233381479,0.003760285,0.038045142,0.090123887,0.115833207,0.037319718,0.002552364,0.005216462,0.048501727,0.002257178,0.002510822,0.010833361,0.080452721,0.030288,0.001081526,0.006989093,0.004448112
C10.pi5,CAT,C10,0.018549266,0.00623624,0.002489572,0.000977506,0.007041651,0.008353945,0.002489162,0.002895291,0.004010398,0.163242235,0.444307941,0.004357088,0.120281569,0.073332978,0.004882765,0.005164244,0.013180665,0.006875978,0.014473442,0.096858064
C10.pi6,CAT,C10,0.110675012,0.035219004,0.040518621,0.16364379,0.001483486,0.08779622,0.263845659,0.032522829,0.01638036,0.00683349,0.014067958,0.067715821,0.004898813,0.002325678,0.029898214,0.056288795,0.04269225,0.001033898,0.00405223,0.018107872
C10.pi7,CAT,C10,0.052265766,0.066829465,0.071483685,0.029774526,0.014332493,0.07365403,0.038838667,0.022810111,0.155163811,0.018740615,0.065377993,0.043946935,0.020718912,0.062403302,0.01454755,0.054901763,0.037014006,0.01937569,0.111069455,0.026751227
C10.pi8,CAT,C10,0.011658734,0.005099014,0.006401105,0.002174246,0.010534074,0.004020373,0.002425111,0.003470914,0.036678705,0.018718533,0.067648975,0.002669472,0.014353481,0.36509856,0.003115993,0.009484854,0.007371392,0.050956455,0.357485859,0.02063415
C10.pi9,CAT,C10,0.062719595,0.203878216,0.042862916,0.023619329,0.005266289,0.109811177,0.068628499,0.025617496,0.033261212,0.012896825,0.030562774,0.227083936,0.012403699,0.003918184,0.014044061,0.048315247,0.046337809,0.002514347,0.006552112,0.019706277
C10.pi10,CAT,C10,0.11455186,0.032400891,0.075061498,0.041619219,0.00985495,0.033962466,0.036490791,0.050381758,0.016523333,0.009294946,0.013915371,0.042302689,0.008224081,0.004660598,0.037922155,0.26106479,0.184582928,0.001754898,0.005853832,0.019576948
C20.pi1,CAT,C20,0.086241251,0.017194379,0.079129338,0.032990862,0.013050456,0.016904694,0.01845265,0.03669053,0.010801334,0.009790715,0.011282642,0.022019522,0.008782148,0.004415534,0.01892732,0.317815236,0.271170052,0.001531731,0.004834285,0.017975322
C20.pi2,CAT,C20,0.203558287,0.005098081,0.007705241,0.003165608,0.034866729,0.006404407,0.00708594,0.019523552,0.002439204,0.115257329,0.078977739,0.004238085,0.030918702,0.011242936,0.016418922,0.049677714,0.111894662,0.001776257,0.004844821,0.284905787
C20.pi3,CAT,C20,0.021154741,0.001494618,0.001275503,0.000549287,0.004818856,0.001232881,0.001453963,0.001143087,0.001134639,0.392846063,0.125064421,0.001357995,0.020978881,0.012825174,0.002024725,0.002624073,0.017191412,0.001159107,0.003602797,0.386067779
C20.pi4,CAT,C20,0.037690354,0.288519615,0.036541147,0.01094694,0.006407383,0.089356438,0.035836546,0.019110678,0.032951395,0.010171188,0.02374955,0.289762697,0.009652887,0.00363498,0.010533737,0.035631377,0.03559265,0.002792524,0.006655722,0.01446219
C20.pi5,CAT,C20,0.00845978,0.005358992,0.007252588,0.002448785,0.0084909,0.004278148,0.002505549,0.002427711,0.043321403,0.009771303,0.038050704,0.002674101,0.008072477,0.342046384,0.002141867,0.008041894,0.005532212,0.049484019,0.437500156,0.012141028
C20.pi6,CAT,C20,0.175989889,0.029042918,0.033284557,0.130126382,0.001755869,0.070718395,0.218216668,0.040953514,0.01307082,0.008562209,0.01595307,0.054294617,0.005404576,0.002527698,0.03710204,0.07934805,0.054008342,0.00105921,0.003625912,0.024955265
C20.pi7,CAT,C20,0.163439732,0.019554118,0.043870183,0.037427261,0.008865989,0.013755476,0.022061192,0.529671773,0.009000614,0.001756935,0.006115627,0.016711798,0.002939079,0.003064135,0.012645777,0.082934278,0.014283561,0.002864069,0.00323983,0.005798574
C20.pi8,CAT,C20,0.091746876,0.026585331,0.029069909,0.01338189,0.028401501,0.025508451,0.019687569,0.024989879,0.044976641,0.058355569,0.115500922,0.016491596,0.03959946,0.09984791,0.020991616,0.073648274,0.066151846,0.024646392,0.097232723,0.083185648
C20.pi9,CAT,C20,0.064670071,0.0988016,0.022890731,0.016873386,0.00771176,0.099641488,0.054497796,0.014889398,0.031385199,0.050598332,0.1844283,0.090793129,0.077483996,0.021914817,0.010500447,0.032119617,0.041176606,0.008430303,0.020610604,0.050582422
C20.pi10,CAT,C20,0.013599387,0.004340838,0.001846938,0.00079517,0.010009024,0.004642078,0.001801176,0.002679465,0.007240192,0.081402671,0.366142225,0.002515814,0.073496513,0.264096525,0.003899413,0.004366876,0.007524845,0.02615649,0.06609708,0.057347283
C20.pi11,CAT,C20,0.147803624,0.084284509,0.072663022,0.053474324,0.004882581,0.075716616,0.072724646,0.090772594,0.026228886,0.003578108,0.012677722,0.10516601,0.005962179,0.002990387,0.01565582,0.145990334,0.063487744,0.001592845,0.005076074,0.009271977
C20.pi12,CAT,C20,0.018637741,0.004205517,0.001986524,0.00083297,0.005496885,0.006589009,0.00202485,0.002171348,0.002366599,0.202080978,0.437038192,0.002912065,0.124186038,0.038538316,0.004067228,0.004617738,0.01499044,0.002687167,0.005632412,0.118937984
C20.pi13,CAT,C20,0.047762434,0.050574267,0.020957427,0.014134916,0.007579171,0.04292968,0.046268807,0.005232791,0.016535182,0.174149663,0.112125357,0.057757502,0.033028805,0.013069135,0.012437473,0.026498893,0.095175468,0.003166048,0.011246575,0.209370408
C20.pi14,CAT,C20,0.416418985,0.005610082,0.009170138,0.004513175,0.040693795,0.00613205,0.00632298,0.094618518,0.00310574,0.007644322,0.009988541,0.003894177,0.006932316,0.004843836,0.018784076,0.23607743,0.074627461,0.001217258,0.003482579,0.045922542
C20.pi15,CAT,C20,0.040229589,0.0735203,0.103664719,0.036552399,0.012478298,0.082655813,0.037219728,0.023361808,0.210830713,0.009347873,0.036056149,0.048241059,0.010028954,0.045909492,0.009850397,0.053338345,0.031020901,0.014007664,0.106437782,0.015248018
C20.pi16,CAT,C20,0.032345303,0.0236283,0.252044808,0.243149596,0.00359763,0.033083115,0.07102745,0.101607456,0.036622508,0.003141081,0.005198054,0.047012935,0.002402874,0.002442928,0.009483783,0.084835528,0.035908328,0.000873093,0.006724767,0.004870464
C20.pi17,CAT,C20,0.147625664,0.03345066,0.021197252,0.040305155,0.003232719,0.037155448,0.057689339,0.033085094,0.014639256,0.010826701,0.025620079,0.045135088,0.00586514,0.004717718,0.347371051,0.089206528,0.048589945,0.001635875,0.004417719,0.028233569
C20.pi18,CAT,C20,0.103144814,0.071774766,0.043517214,0.03864015,0.006176247,0.078660312,0.092336914,0.020233842,0.02467619,0.037690428,0.037628368,0.092169892,0.016188332,0.006766643,0.012830212,0.095145019,0.13785667,0.002214474,0.008304157,0.074045356
C20.pi19,CAT,C20,0.083754282,0.089938324,0.051881142,0.080487057,0.002073508,0.145649747,0.194775918,0.022903036,0.02684588,0.007407976,0.019024958,0.145928741,0.006739524,0.002306339,0.008561601,0.045573959,0.045108084,0.001077135,0.004932533,0.015030256
C20.pi20,CAT,C20,0.057873557,0.01383136,0.049142164,0.294673894,0.001113084,0.059825036,0.340210267,0.029391144,0.0139817,0.003052566,0.006261192,0.036336504,0.002729598,0.001703488,0.015610639,0.035804464,0.024994188,0.000866434,0.003831298,0.008767423
C30.pi1,CAT,C30,0.110045395,0.017129486,0.064033846,0.159541146,0.001904724,0.031018709,0.109895882,0.068430154,0.013795071,0.002628307,0.007339653,0.035855367,0.002470641,0.001662947,0.166935682,0.138179047,0.056834255,0.000466112,0.003597015,0.008236559
C30.pi2,CAT,C30,0.087412547,0.080632039,0.038215237,0.032611988,0.004982638,0.079816885,0.095170081,0.014404271,0.021062665,0.039988445,0.030158507,0.114720002,0.012648891,0.00489966,0.013739703,0.087376967,0.155861662,0.001512284,0.005397446,0.079388084
C30.pi3,CAT,C30,0.022547741,0.001490054,0.001303459,0.000595928,0.005001816,0.001143656,0.001503053,0.001157095,0.000937432,0.394468917,0.088957314,0.001360087,0.018910267,0.008921603,0.001831203,0.002833641,0.01898134,0.000669375,0.002330373,0.425055648
C30.pi4,CAT,C30,0.060215821,0.01368333,0.041498794,0.290008411,0.000952546,0.062161108,0.361086903,0.028192562,0.01305008,0.003051624,0.006040189,0.035270469,0.002746064,0.001462562,0.01271755,0.031810938,0.022527952,0.000794803,0.003402456,0.00932584
C30.pi5,CAT,C30,0.010122364,0.002834492,0.001292891,0.000637919,0.008598936,0.003502855,0.001124963,0.002408523,0.004775338,0.070115313,0.41359139,0.001674849,0.074486263,0.278538441,0.004046658,0.003708716,0.005237933,0.020022264,0.052393881,0.040886014
C30.pi6,CAT,C30,0.133583178,0.028478959,0.021389163,0.112577554,0.001051454,0.056584432,0.209957297,0.020755187,0.012133049,0.007352652,0.013327824,0.077177201,0.003057169,0.001679359,0.189019513,0.048405411,0.037331818,0.0009267,0.002694643,0.022517438
C30.pi7,CAT,C30,0.040827737,0.012449177,0.008046487,0.00306349,0.015391841,0.01029221,0.006601088,0.005811314,0.024521176,0.148751455,0.163780216,0.007592323,0.038552736,0.157504989,0.005835222,0.015157862,0.033222036,0.026493711,0.121334299,0.154770631
C30.pi8,CAT,C30,0.246905925,0.010627895,0.016892968,0.002741827,0.103940631,0.01039882,0.005494476,0.037326321,0.008575232,0.029240379,0.053509118,0.005612305,0.030224649,0.025177564,0.007809895,0.164235227,0.123988971,0.005315588,0.016395399,0.095586813
C30.pi9,CAT,C30,0.054942863,0.13054265,0.020295753,0.009291527,0.0099281,0.090603634,0.041708505,0.010556387,0.036351247,0.056958486,0.168183318,0.115252181,0.059232836,0.024386015,0.008305541,0.028377883,0.041259402,0.009635536,0.024978047,0.059210088
C30.pi10,CAT,C30,0.04627733,0.036298427,0.041236519,0.018250417,0.017272712,0.034899085,0.022426626,0.01609714,0.135785222,0.016496689,0.059893613,0.023939624,0.016450713,0.133632085,0.011741301,0.04541564,0.030438775,0.033033841,0.235016376,0.025397865
C30.pi11,CAT,C30,0.047437996,0.041017994,0.022245398,0.011211696,0.008233245,0.037405141,0.038810085,0.00559986,0.014915657,0.183217384,0.110069111,0.046785055,0.035644379,0.011664378,0.010024466,0.03171711,0.111435233,0.002668559,0.009966009,0.219931245
C30.pi12,CAT,C30,0.02136077,0.006997615,0.0039879,0.001294125,0.006102486,0.013956603,0.003629728,0.003001701,0.003842589,0.130946579,0.45669882,0.005456776,0.194783736,0.037180817,0.004074728,0.007699149,0.019801872,0.003408639,0.006454569,0.069320799
C30.pi13,CAT,C30,0.091963204,0.016000487,0.076468239,0.030671736,0.011703101,0.016006001,0.017190765,0.037068465,0.01007927,0.009312371,0.009724097,0.020538591,0.007576728,0.004158944,0.017968619,0.325447163,0.274437726,0.001388744,0.004473973,0.017821776
C30.pi14,CAT,C30,0.46492461,0.004301325,0.007530482,0.005073169,0.023332875,0.004357132,0.005799425,0.149524205,0.002329843,0.004336119,0.005599553,0.00285254,0.003931317,0.002558819,0.018646725,0.215019477,0.047703016,0.00090381,0.002008718,0.029266842
C30.pi15,CAT,C30,0.205132938,0.043966133,0.03394184,0.107098087,0.002091594,0.082274235,0.19897335,0.048757429,0.012714308,0.005812469,0.013347177,0.066778741,0.004378341,0.001823506,0.011099776,0.087396161,0.051978196,0.00073616,0.00238214,0.01931742
C30.pi16,CAT,C30,0.026368989,0.013361362,0.272715814,0.311771537,0.003946243,0.021897878,0.069435421,0.079984241,0.030961513,0.002752124,0.003857966,0.028863071,0.001836366,0.002335193,0.006245756,0.079872939,0.032414317,0.000722966,0.006385773,0.004270533
C30.pi17,CAT,C30,0.152650264,0.033278446,0.016822999,0.023739218,0.004021529,0.034173367,0.037794911,0.030621434,0.01419298,0.012331797,0.029006236,0.037554302,0.006447322,0.005858442,0.38645048,0.088033641,0.048954319,0.001825256,0.00488778,0.031355277
C30.pi18,CAT,C30,0.008024756,0.00174086,0.00063274,0.000338597,0.002341214,0.00155079,0.000781895,0.000540383,0.00100264,0.317705665,0.373789417,0.001259825,0.048821235,0.031196847,0.002068755,0.001209513,0.006569679,0.001630921,0.004334355,0.194459915
C30.pi19,CAT,C30,0.059995032,0.100054057,0.133491889,0.088973078,0.001688498,0.086485617,0.096270096,0.058879639,0.032727715,0.002146727,0.007087637,0.182586058,0.003397945,0.001180074,0.014140808,0.077900238,0.044881737,0.000624903,0.003264112,0.004224142
C30.pi20,CAT,C30,0.039352066,0.083817064,0.14254816,0.043119767,0.009907195,0.101978661,0.039463951,0.028286647,0.209571836,0.007610144,0.025833956,0.059643409,0.008458668,0.018868079,0.009684052,0.062499864,0.034708797,0.005464578,0.056414525,0.012768583
C30.pi21,CAT,C30,0.007271549,0.014099892,0.00197568,0.002760383,0.006785254,0.004333929,0.002506937,0.008083472,0.011321792,0.005660964,0.039419964,0.00177351,0.007986608,0.127147563,0.004109809,0.005224437,0.004302227,0.627357015,0.108456377,0.00942264
C30.pi22,CAT,C30,0.090707007,0.029006234,0.08606777,0.074587272,0.006369986,0.025937704,0.038680212,0.475004619,0.016809001,0.001472105,0.005514985,0.034385554,0.002469207,0.002885922,0.011215078,0.073111037,0.015370571,0.002291478,0.004186066,0.003928194
C30.pi23,CAT,C30,0.005529188,0.00246263,0.004608659,0.001141343,0.007210592,0.002269218,0.000968304,0.001607095,0.032583119,0.00829184,0.035367788,0.001384944,0.00744868,0.374409375,0.001337457,0.005740269,0.003727964,0.033033445,0.46099783,0.009880259
C30.pi24,CAT,C30,0.244326314,0.004538656,0.006242265,0.00315909,0.027388021,0.005359395,0.007671564,0.019608961,0.00201894,0.101743507,0.046842423,0.004549226,0.020128602,0.006061945,0.018521913,0.049775383,0.117079552,0.000957726,0.003533369,0.31049315
C30.pi25,CAT,C30,0.086311127,0.09848119,0.031396312,0.060090293,0.002441985,0.167235129,0.203609615,0.017522144,0.024524505,0.010599422,0.027120978,0.148578959,0.009582436,0.002939311,0.006827677,0.034780032,0.040821098,0.001400125,0.005510539,0.020227127
C30.pi26,CAT,C30,0.064392611,0.036904874,0.103121328,0.162820846,0.00231659,0.075253486,0.176270135,0.029713901,0.030350373,0.008816303,0.014801681,0.072714011,0.00567484,0.004306672,0.009927032,0.092643387,0.083312992,0.001123711,0.009380146,0.016155082
C30.pi27,CAT,C30,0.173668286,0.094362871,0.052040498,0.028598494,0.008359657,0.07224467,0.048389406,0.07819015,0.026613468,0.006864191,0.021949932,0.096401179,0.011230331,0.005827397,0.016966108,0.154780246,0.075170193,0.002877451,0.00821304,0.017252432
C30.pi28,CAT,C30,0.034785658,0.307598454,0.031415738,0.009235525,0.006275489,0.086107316,0.032356841,0.017028813,0.030643891,0.009193229,0.022442856,0.302084582,0.009372083,0.003430354,0.010444717,0.032688293,0.032871345,0.002524486,0.006417132,0.013083201
C30.pi29,CAT,C30,0.10877371,0.005178102,0.003267977,0.00158232,0.024787748,0.005793201,0.004176989,0.013470317,0.002476579,0.164346292,0.233715271,0.002700039,0.05392134,0.031652342,0.015488695,0.018818779,0.047491235,0.003765648,0.007310636,0.251282783
C30.pi30,CAT,C30,0.110100875,0.03243246,0.043509868,0.057926852,0.007269977,0.061519663,0.082818149,0.031446307,0.030855702,0.053086581,0.109678783,0.029386043,0.045872898,0.02691537,0.029643069,0.071588787,0.068588245,0.006232412,0.02572376,0.075404201
C40.pi1,CAT,C40,0.066025981,0.023186176,0.159981587,0.105447318,0.005658675,0.02739285,0.044036079,0.071123866,0.016819476,0.003908873,0.005531601,0.036668962,0.003741242,0.001310481,0.017635917,0.24976872,0.150707958,0.000672321,0.003829022,0.006552896
C40.pi2,CAT,C40,0.023237744,0.012268303,0.275965099,0.353208798,0.003798747,0.019733913,0.073937822,0.057666803,0.031586695,0.003109281,0.003871161,0.02593633,0.001735563,0.00240321,0.006311688,0.06570677,0.027048365,0.000760289,0.006960248,0.004753169
C40.pi3,CAT,C40,0.016648681,0.001259476,0.001262224,0.000565145,0.003666572,0.001066978,0.001335625,0.000889475,0.000823185,0.412936756,0.08846893,0.001190411,0.018605458,0.008277568,0.001402998,0.002133944,0.016216738,0.000608205,0.00195532,0.420686311
C40.pi4,CAT,C40,0.239474199,0.007290125,0.012053694,0.004474173,0.028381173,0.008655885,0.010552963,0.013510963,0.003892984,0.076595712,0.035849491,0.007109301,0.019949632,0.005599113,0.011426559,0.084779877,0.179728452,0.0009838,0.004224067,0.245467838
C40.pi5,CAT,C40,0.119461309,0.023325567,0.029455214,0.013427279,0.015052664,0.03015378,0.019217304,0.0337676,0.021474605,0.057900182,0.144630837,0.014726134,0.056124294,0.055046742,0.063135542,0.092526673,0.083123019,0.013163614,0.0331118,0.081175843
C40.pi6,CAT,C40,0.056704371,0.011735933,0.036473445,0.295550097,0.00089248,0.060951652,0.379515413,0.023046961,0.011836097,0.003118204,0.006013747,0.031420569,0.002858407,0.001297233,0.012474582,0.030033489,0.022705114,0.000773876,0.003134376,0.009463956
C40.pi7,CAT,C40,0.017902741,0.004096713,0.003569769,0.000887041,0.016076034,0.004539547,0.002318211,0.003982981,0.012729268,0.040465052,0.167614348,0.002799472,0.042417226,0.334486259,0.002011513,0.007584158,0.006822729,0.051838139,0.245254255,0.032604544
C40.pi8,CAT,C40,0.271217009,0.005648084,0.014104526,0.002101704,0.200383018,0.004826406,0.002322998,0.050250122,0.005372796,0.015068466,0.033000344,0.002064628,0.015481122,0.020299036,0.004535102,0.176419841,0.083957806,0.004626524,0.014127105,0.074193363
C40.pi9,CAT,C40,0.089473658,0.104002638,0.019019215,0.027218309,0.004553832,0.116809192,0.127507666,0.011568573,0.021574629,0.046942417,0.05120351,0.138204731,0.014765685,0.005659018,0.00955465,0.038395361,0.083665264,0.001707943,0.006218129,0.081955579
C40.pi10,CAT,C40,0.049544139,0.037534582,0.031586353,0.014364128,0.018250561,0.03165041,0.021537912,0.014019991,0.11085438,0.02470658,0.070028793,0.025814203,0.018827176,0.141804882,0.01121012,0.045609443,0.036142797,0.037198543,0.222397238,0.036917769
C40.pi11,CAT,C40,0.170431425,0.0415784,0.027110926,0.10985566,0.000974733,0.091729993,0.253645894,0.024984647,0.010138974,0.00587494,0.011652635,0.090332427,0.003651274,0.00133213,0.029361368,0.056176565,0.047904573,0.000669682,0.002263732,0.020330023
C40.pi12,CAT,C40,0.01627254,0.005482607,0.002187616,0.00101821,0.00506141,0.010441447,0.002514135,0.002193539,0.002991433,0.132817351,0.490444178,0.004012039,0.192993128,0.037624558,0.003433319,0.004012211,0.012707443,0.003210755,0.005810062,0.064772021
C40.pi13,CAT,C40,0.082376574,0.073422643,0.059838973,0.031174516,0.00656943,0.068645107,0.067553078,0.017896159,0.025114362,0.029116174,0.028790411,0.098230167,0.016802288,0.00647179,0.011404492,0.130299529,0.182037427,0.002272462,0.007957328,0.054027089
C40.pi14,CAT,C40,0.359496594,0.007240723,0.003342146,0.003148436,0.025141718,0.004901428,0.00649627,0.119468227,0.002297045,0.045876666,0.046805389,0.005016885,0.021556882,0.009202046,0.044391588,0.046527095,0.047775529,0.002454022,0.004645036,0.194216277
C40.pi15,CAT,C40,0.201558387,0.043016161,0.042538644,0.095414989,0.00323653,0.077201086,0.153490879,0.066729168,0.015521881,0.006774083,0.016511443,0.054732264,0.006016299,0.00256433,0.009197056,0.11859818,0.062547274,0.000956551,0.003115001,0.020279792
C40.pi16,CAT,C40,0.104273105,0.014706235,0.06216458,0.242406952,0.002245012,0.035649895,0.177482159,0.169781952,0.013264883,0.001892952,0.004254262,0.022065198,0.001644123,0.001257026,0.031704158,0.077863623,0.028851578,0.00069309,0.001774195,0.006025023
C40.pi17,CAT,C40,0.078118328,0.011149847,0.015927031,0.004154167,0.019444867,0.024015162,0.011663392,0.011152411,0.006358939,0.135453046,0.245757495,0.009372985,0.108778117,0.026279395,0.005529404,0.040851886,0.086051431,0.003154759,0.00851085,0.148276492
C40.pi18,CAT,C40,0.085659243,0.010123317,0.044192307,0.013506157,0.013607288,0.009259064,0.007860255,0.024540088,0.005537908,0.010059156,0.010334356,0.012731851,0.00806758,0.004715304,0.0175274,0.340647949,0.357329465,0.00142431,0.003509981,0.019367023
C40.pi19,CAT,C40,0.06745947,0.116173466,0.116310778,0.066258841,0.002163423,0.093936045,0.086550128,0.036855658,0.038114912,0.003323883,0.009383999,0.1899737,0.003948739,0.001821273,0.015120783,0.084220442,0.056595368,0.000718731,0.004618944,0.00645142
C40.pi20,CAT,C40,0.057226232,0.049472355,0.108388279,0.179393277,0.001530152,0.090366852,0.199226127,0.031647227,0.029139207,0.004580456,0.010073956,0.101562492,0.004020461,0.001370185,0.006367413,0.062114292,0.049610216,0.000666929,0.004649764,0.008594128
C40.pi21,CAT,C40,0.003602016,0.010271293,0.001345551,0.002087165,0.00454848,0.003271811,0.001785773,0.005639163,0.006496879,0.002929292,0.023263508,0.001041985,0.004459228,0.08557146,0.002499198,0.00306718,0.002590025,0.761782195,0.067880953,0.005866844
C40.pi22,CAT,C40,0.203201842,0.008389572,0.014374375,0.013501171,0.009813162,0.004451458,0.008381817,0.618488608,0.00277479,0.001182849,0.003982679,0.00445989,0.002063179,0.001961962,0.00858704,0.073991985,0.010892227,0.001860615,0.001563867,0.006076914
C40.pi23,CAT,C40,0.005089878,0.002874079,0.005709296,0.001612615,0.006177645,0.002469315,0.001204042,0.001633418,0.039346078,0.005908878,0.02493436,0.001371366,0.004979516,0.356312695,0.001413642,0.005952767,0.003653677,0.035798738,0.485364585,0.008193411
C40.pi24,CAT,C40,0.040333568,0.05401864,0.021605246,0.00982186,0.008154954,0.038363908,0.037540658,0.00479344,0.017673557,0.189342416,0.105185986,0.06073774,0.030559984,0.011914078,0.007755055,0.025711017,0.100991317,0.002878002,0.011527694,0.221090883
C40.pi25,CAT,C40,0.079008629,0.106544115,0.030938427,0.054601239,0.002494788,0.184337598,0.199788278,0.019265585,0.027070047,0.007566749,0.025454239,0.155310882,0.009802444,0.002377344,0.005664068,0.033237081,0.035957474,0.00116828,0.004882081,0.01453065
C40.pi26,CAT,C40,0.072224067,0.048972841,0.067892961,0.119488399,0.006475535,0.070896957,0.134588657,0.02878154,0.069901133,0.01735887,0.051987008,0.049034179,0.015441104,0.034823303,0.014559749,0.058957988,0.042597278,0.008791377,0.055438671,0.031788383
C40.pi27,CAT,C40,0.108584243,0.020645002,0.044195629,0.15296666,0.001250257,0.040539814,0.166485119,0.033609847,0.013490218,0.00388218,0.008986144,0.057622709,0.002433904,0.001455352,0.199009502,0.084674975,0.045471522,0.000590283,0.002765016,0.011341625
C40.pi28,CAT,C40,0.030952639,0.319588732,0.030133664,0.008235213,0.006559396,0.083260811,0.029197408,0.015420619,0.031038509,0.009825161,0.02379002,0.3062635,0.009707173,0.003689164,0.009502911,0.029528544,0.03030523,0.002812529,0.006885064,0.013303715
C40.pi29,CAT,C40,0.009895374,0.001960453,0.000730794,0.000374823,0.002827674,0.0017337,0.00091821,0.000699707,0.001041948,0.311504036,0.37503878,0.001396051,0.047445107,0.029860743,0.002529626,0.001462802,0.007573897,0.001679977,0.004025993,0.197300307
C40.pi30,CAT,C40,0.116321392,0.027332101,0.025016366,0.073191772,0.003479228,0.058667725,0.13808805,0.019319347,0.016024074,0.071224343,0.077147354,0.035512049,0.024284107,0.009411769,0.050892683,0.047556028,0.072655223,0.002689272,0.007616602,0.123570516
C40.pi31,CAT,C40,0.128521824,0.037307349,0.117984422,0.040274999,0.017292888,0.043970611,0.025069227,0.112703314,0.060698106,0.010935027,0.025841577,0.028874965,0.016759296,0.01991183,0.018067498,0.174148948,0.064896766,0.006357495,0.032177165,0.018206695
C40.pi32,CAT,C40,0.037228694,0.009452803,0.005337732,0.002370317,0.014494009,0.007909714,0.004858515,0.004643394,0.01867951,0.182045953,0.178009932,0.005819848,0.03713343,0.146377242,0.00485386,0.010357068,0.028416158,0.02112936,0.095890519,0.184991944
C40.pi33,CAT,C40,0.053564373,0.115979776,0.023917268,0.011353736,0.009625623,0.092858507,0.039169908,0.012027933,0.038488795,0.052274827,0.18923926,0.099603775,0.07122191,0.026421374,0.008372057,0.029911402,0.038948485,0.010423205,0.026503005,0.050094784
C40.pi34,CAT,C40,0.13324248,0.003314768,0.002270499,0.001273924,0.024651426,0.003084347,0.004046152,0.008913921,0.001586468,0.1971285,0.125128844,0.002371323,0.02869472,0.015699525,0.011884574,0.017146183,0.056329801,0.001734182,0.004877841,0.356620522
C40.pi35,CAT,C40,0.149865819,0.032660722,0.017645282,0.028035479,0.00354374,0.034815131,0.04353807,0.031111264,0.014062571,0.010195331,0.025143393,0.039312498,0.005154832,0.004753395,0.392380045,0.087449698,0.047330672,0.001521524,0.00432083,0.027159705
C40.pi36,CAT,C40,0.421436636,0.006142597,0.01215905,0.007330507,0.018760969,0.007274856,0.008683778,0.09023331,0.003026204,0.003936278,0.004719332,0.005150868,0.003830659,0.002715614,0.020894024,0.290118879,0.065192231,0.000810824,0.002362285,0.0252211
C40.pi37,CAT,C40,0.177071389,0.133278205,0.031165678,0.022650023,0.007834895,0.075247149,0.050976724,0.089738951,0.022066714,0.005951985,0.020536973,0.125768933,0.009298248,0.004051418,0.026408791,0.116959145,0.056556696,0.002994713,0.00493467,0.016508701
C40.pi38,CAT,C40,0.029398403,0.037090172,0.148362263,0.10997099,0.003172909,0.038868845,0.046427034,0.422242016,0.027249464,0.000799733,0.00376343,0.062231446,0.001665705,0.001503963,0.005648183,0.04722524,0.008656898,0.000917602,0.002769312,0.002036392
C40.pi39,CAT,C40,0.026577932,0.079110475,0.131860313,0.028031414,0.010136914,0.098971081,0.026905723,0.017337663,0.28151337,0.006464698,0.026821005,0.047474914,0.007237527,0.02769609,0.0083015,0.04262767,0.025904251,0.007852895,0.089159839,0.010014726
C40.pi40,CAT,C40,0.00960965,0.002713618,0.001310443,0.000633186,0.007730168,0.003389942,0.00104719,0.002022744,0.003900142,0.073309801,0.445169159,0.001493148,0.07325753,0.263017169,0.004276809,0.003611736,0.00579284,0.018127573,0.037069805,0.042517348
C50.pi1,CAT,C50,0.135756676,0.032851194,0.093769292,0.075718207,0.004188705,0.044801047,0.057280537,0.121086619,0.016746503,0.004971924,0.011382328,0.045809607,0.006456316,0.002929281,0.022870519,0.206011578,0.101134798,0.001244303,0.005610461,0.009380108
C50.pi2,CAT,C50,0.053086275,0.190593601,0.059577228,0.032097047,0.002660808,0.11526059,0.084061788,0.019649518,0.027472978,0.00649192,0.015870912,0.263553978,0.007817123,0.001723117,0.01216393,0.044934766,0.047242561,0.000840719,0.003760872,0.011140272
C50.pi3,CAT,C50,0.00832798,0.000717203,0.000635964,0.000313439,0.002054741,0.00073516,0.000537371,0.000557691,0.000485872,0.43709106,0.120872222,0.000639491,0.019549966,0.009017527,0.000726525,0.000787619,0.005707667,0.000645345,0.001679726,0.388917432
C50.pi4,CAT,C50,0.207286835,0.01668587,0.012917766,0.002062557,0.084998223,0.015175764,0.006590366,0.047204758,0.013028926,0.034569076,0.104272276,0.007586139,0.049804231,0.057290975,0.006492836,0.118361804,0.078033951,0.012835237,0.032357692,0.092444721
C50.pi5,CAT,C50,0.036418118,0.00764271,0.005272553,0.002038995,0.017100994,0.006408823,0.004239937,0.005382424,0.019859616,0.136152303,0.165189292,0.004548162,0.038747906,0.202592266,0.005505335,0.012111195,0.025462183,0.032758046,0.136802531,0.135766615
C50.pi6,CAT,C50,0.05354892,0.009954337,0.026907321,0.307615073,0.000710102,0.057498864,0.406617337,0.020453767,0.009628648,0.002587971,0.004972146,0.028098909,0.002514346,0.001061801,0.012431799,0.024724602,0.019110737,0.000638597,0.002413221,0.008511504
C50.pi7,CAT,C50,0.007473373,0.00252266,0.003396751,0.000557401,0.008115829,0.00376589,0.001361044,0.002201776,0.011514268,0.019573044,0.126887849,0.00184973,0.026914168,0.382198594,0.001997042,0.005712794,0.003969234,0.0553576,0.318409939,0.016221015
C50.pi8,CAT,C50,0.261559297,0.002709885,0.012490826,0.002015385,0.274022853,0.001704389,0.00076678,0.046349803,0.001947436,0.008285828,0.014704871,0.001078724,0.006305137,0.006208086,0.003944244,0.194004265,0.096369949,0.001618548,0.004843139,0.059070555
C50.pi9,CAT,C50,0.119055704,0.095632025,0.02159953,0.037832334,0.004153609,0.115134817,0.133708445,0.017937522,0.021676705,0.033622877,0.055740219,0.113245233,0.017840733,0.006340593,0.014760695,0.047866693,0.071209104,0.002286724,0.007572863,0.062783577
C50.pi10,CAT,C50,0.050501034,0.028138113,0.034187219,0.017815754,0.018314001,0.027172955,0.021201866,0.017605265,0.119010411,0.016164522,0.056123253,0.020390885,0.014652104,0.155348413,0.01352516,0.047895965,0.029296321,0.037605863,0.24772838,0.027322515
C50.pi11,CAT,C50,0.123944691,0.035552587,0.04097691,0.147995335,0.001156398,0.090886931,0.270027027,0.028358971,0.01267602,0.006482503,0.01221013,0.078743382,0.004246744,0.001654086,0.02057175,0.055294025,0.047423997,0.000859662,0.002782321,0.018156531
C50.pi12,CAT,C50,0.016054206,0.002735919,0.001470808,0.00070049,0.003482015,0.006147005,0.001635969,0.002213793,0.001320723,0.164003512,0.461604351,0.002134221,0.21740995,0.014375169,0.001369426,0.003761438,0.017265141,0.001145434,0.001943854,0.079226578
C50.pi13,CAT,C50,0.15481924,0.013132456,0.02805841,0.009530162,0.016626742,0.017522895,0.017096913,0.017961672,0.007838559,0.086518121,0.052336991,0.013280218,0.032634821,0.008351123,0.014559441,0.109632708,0.22181086,0.001582997,0.006217336,0.170488335
C50.pi14,CAT,C50,0.295031359,0.00275807,0.002161627,0.001536419,0.037543919,0.002880873,0.004297628,0.02617267,0.000829497,0.083493814,0.055360631,0.002264231,0.018125991,0.007443308,0.012679405,0.038291334,0.078320517,0.001001515,0.003401642,0.32640555
C50.pi15,CAT,C50,0.16831771,0.082039615,0.052604871,0.082251715,0.002303,0.096934125,0.1488943,0.053529119,0.017980323,0.003250364,0.011494109,0.115640264,0.00394399,0.001500295,0.006685415,0.092451166,0.04807695,0.00061521,0.002502292,0.008985168
C50.pi16,CAT,C50,0.033408818,0.013448579,0.159091815,0.365754247,0.002512709,0.032766515,0.182073935,0.074080719,0.02020109,0.001665003,0.003670096,0.029551789,0.001708781,0.001142281,0.007315512,0.042678807,0.021116211,0.000593149,0.003472458,0.003747488
C50.pi17,CAT,C50,0.077758698,0.017443836,0.005342334,0.004343153,0.006252395,0.022085128,0.016176929,0.00539032,0.008067558,0.105294522,0.16173659,0.014831992,0.028825391,0.01689853,0.256542687,0.020208966,0.054292969,0.00601461,0.007810997,0.164682397
C50.pi18,CAT,C50,0.072701398,0.004897719,0.002609538,0.001142012,0.019874741,0.006694934,0.003040143,0.007907485,0.00264929,0.168578888,0.318548916,0.002602491,0.073559704,0.049041998,0.00516991,0.012863083,0.030535692,0.005085784,0.009527917,0.202968356
C50.pi19,CAT,C50,0.065815384,0.083343299,0.022458228,0.010773582,0.009297468,0.074595199,0.02997541,0.014633656,0.014802663,0.067188872,0.219867599,0.086817209,0.108415684,0.01558127,0.007113215,0.038145195,0.056294824,0.005642168,0.010281304,0.058957774
C50.pi20,CAT,C50,0.052527835,0.036489739,0.090301399,0.185466099,0.00377954,0.077685729,0.178928729,0.023201165,0.068770201,0.013582542,0.033735065,0.045814377,0.01084578,0.019102004,0.008872998,0.04952892,0.038935844,0.004629276,0.035419595,0.022383164
C50.pi21,CAT,C50,0.002651597,0.00808852,0.001057202,0.001605214,0.003654031,0.00229795,0.001468177,0.004623091,0.004388762,0.002066946,0.017244487,0.000659358,0.00346915,0.065835145,0.001918547,0.002249842,0.002127887,0.818334501,0.051591836,0.00466776
C50.pi22,CAT,C50,0.054813317,0.069204416,0.021126571,0.020777913,0.007264657,0.056786566,0.073845658,0.005179771,0.016840846,0.138610489,0.071379515,0.089639334,0.020120549,0.008215039,0.010404902,0.028234442,0.099559711,0.001972209,0.007405404,0.198618692
C50.pi23,CAT,C50,0.004795527,0.002803379,0.005050624,0.001408052,0.006167124,0.001935013,0.000986155,0.001439682,0.038962324,0.004895039,0.015174815,0.001230664,0.00325204,0.360199306,0.001126632,0.005450994,0.003476392,0.036289993,0.4980201,0.007336147
C50.pi24,CAT,C50,0.0365463,0.028007063,0.018360612,0.00705258,0.009325168,0.030023943,0.022181284,0.004777864,0.017884032,0.202594731,0.197301213,0.025020975,0.055786264,0.025806754,0.004277221,0.020937422,0.073139894,0.004973817,0.020060117,0.195942746
C50.pi25,CAT,C50,0.068419768,0.011161975,0.054476424,0.02243133,0.010695831,0.009179995,0.00974368,0.025587162,0.005555801,0.00594167,0.007674685,0.014419899,0.005689217,0.003735685,0.017255414,0.352730115,0.358691319,0.001250191,0.002863671,0.012496168
C50.pi26,CAT,C50,0.049533078,0.106006456,0.151192397,0.048347129,0.008094636,0.088610841,0.044955676,0.033143615,0.144728829,0.006185077,0.01904072,0.094807528,0.006341887,0.012616299,0.010086956,0.079980117,0.044541897,0.00447651,0.036393072,0.01091728
C50.pi27,CAT,C50,0.07024119,0.064205032,0.077955391,0.05103283,0.004243885,0.072330049,0.088374771,0.01773471,0.023380089,0.019877932,0.018353712,0.105126707,0.010786587,0.003798712,0.011281111,0.134508158,0.180554323,0.001425276,0.005508938,0.039280597
C50.pi28,CAT,C50,0.120739915,0.174178808,0.038552812,0.016268958,0.011849419,0.07600684,0.033793539,0.065343101,0.034278381,0.008542605,0.025678808,0.143444398,0.011234789,0.006127079,0.029449356,0.109141549,0.063418125,0.004615642,0.008537428,0.018798448
C50.pi29,CAT,C50,0.00645217,0.002181734,0.000593966,0.000390403,0.002153831,0.001909997,0.000800776,0.000520847,0.001137429,0.2850759,0.427853674,0.001392024,0.056198853,0.04495015,0.00262897,0.001105366,0.005515715,0.002275367,0.005961258,0.150901571
C50.pi30,CAT,C50,0.096909274,0.035972337,0.063319417,0.041102077,0.014557895,0.04666617,0.046922377,0.03746142,0.053714958,0.039460301,0.085625654,0.028357786,0.034643532,0.050729807,0.016717755,0.099094532,0.080650383,0.012837383,0.05989722,0.055359722
C50.pi31,CAT,C50,0.084021201,0.021424217,0.224066865,0.03546848,0.026503168,0.023567568,0.007602646,0.117332512,0.051601978,0.004891746,0.006721173,0.017365335,0.00793421,0.008750149,0.009327611,0.263709795,0.063015798,0.002231459,0.017099425,0.007364666
C50.pi32,CAT,C50,0.005506151,0.001250874,0.000482496,0.000453017,0.005443593,0.001131508,0.000415038,0.0012285,0.001988453,0.06174319,0.434241814,0.000816187,0.055462845,0.328965939,0.002581479,0.002119751,0.002951044,0.017298137,0.04120975,0.034710236
C50.pi33,CAT,C50,0.044201461,0.129581632,0.025862205,0.014890047,0.007616582,0.130176558,0.063670805,0.010533912,0.066254286,0.042397724,0.143419753,0.104038143,0.040336362,0.026054034,0.008933509,0.024257397,0.031793809,0.0077832,0.030997378,0.047201203
C50.pi34,CAT,C50,0.057198416,0.003492988,0.003132472,0.001247271,0.011323044,0.002527992,0.004073782,0.00306474,0.002049415,0.313120093,0.090175014,0.003469956,0.024256521,0.01123453,0.004819702,0.009567595,0.052984203,0.00106451,0.004185114,0.397012643
C50.pi35,CAT,C50,0.114196393,0.01022299,0.017864413,0.017230731,0.005697891,0.003905504,0.008597433,0.742571492,0.002641418,0.000560202,0.001987257,0.005540006,0.000473998,0.001066318,0.005430245,0.05083182,0.005540854,0.001889081,0.001240921,0.002511035
C50.pi36,CAT,C50,0.353175863,0.004340286,0.003181242,0.003002488,0.016571158,0.002912621,0.004207769,0.45208961,0.002136636,0.006369258,0.012014327,0.002258697,0.008026013,0.004386583,0.011146203,0.065834403,0.018295273,0.001087288,0.002333017,0.026631266
C50.pi37,CAT,C50,0.031079871,0.023451981,0.127366901,0.11979251,0.003121696,0.029585884,0.047076345,0.488304637,0.01934121,0.000885562,0.003280822,0.040843057,0.001498423,0.00162986,0.006322946,0.042345262,0.008279726,0.0007719,0.002499688,0.002521719
C50.pi38,CAT,C50,0.037034067,0.068941021,0.170440718,0.104181708,0.001810878,0.07154951,0.065986672,0.215929836,0.044359181,0.000866889,0.006467942,0.127530088,0.002724846,0.001417832,0.006025315,0.053457456,0.014707343,0.000799941,0.003770815,0.001997943
C50.pi39,CAT,C50,0.016039854,0.0526623,0.105116715,0.018735226,0.008533012,0.09226165,0.015445084,0.007623516,0.384844914,0.005712941,0.027719522,0.021934738,0.007107831,0.037635899,0.007220197,0.020996965,0.014219878,0.009694623,0.138424314,0.008070823
C50.pi40,CAT,C50,0.016554917,0.008585683,0.004944185,0.001656738,0.008652907,0.018408784,0.003375987,0.003384441,0.008469506,0.048392376,0.496307396,0.005699733,0.194937787,0.099952714,0.006027126,0.008428959,0.012261954,0.011401328,0.019231483,0.023325996
C50.pi41,CAT,C50,0.022737996,0.01370603,0.316256181,0.293210336,0.003707387,0.016911927,0.038098422,0.055022476,0.031988644,0.003921919,0.004158229,0.03125399,0.001946759,0.002227655,0.005966083,0.0998737,0.046233646,0.000731045,0.006901238,0.00514634
C50.pi42,CAT,C50,0.2406936,0.019708108,0.046257864,0.020637926,0.01867268,0.018984365,0.012978532,0.174910914,0.011871434,0.004934953,0.012623776,0.012787671,0.009564266,0.008360687,0.032628331,0.210130019,0.113004204,0.00419515,0.006921052,0.020134468
C50.pi43,CAT,C50,0.021432571,0.373074431,0.022067463,0.003749529,0.006903834,0.067039195,0.015929877,0.012621135,0.028447763,0.01020518,0.024295429,0.327245649,0.009314745,0.003640303,0.007013893,0.021686062,0.023225973,0.003042248,0.006536859,0.012527861
C50.pi44,CAT,C50,0.156770705,0.025805961,0.016165834,0.022394641,0.007438269,0.027445558,0.041001057,0.036050103,0.015997268,0.064094146,0.094475665,0.019258637,0.031278923,0.022772853,0.165316901,0.064017795,0.054910357,0.005098022,0.013824864,0.115882438
C50.pi45,CAT,C50,0.434591239,0.0061143,0.009766077,0.00601022,0.019737788,0.006906281,0.008280065,0.082907552,0.002912513,0.00477471,0.005418224,0.004997453,0.003967687,0.0029052,0.019358869,0.279585473,0.067781679,0.000819609,0.002519634,0.03064543
C50.pi46,CAT,C50,0.029673497,0.144325034,0.012866816,0.005956145,0.01298059,0.049231105,0.026272606,0.006943774,0.067618391,0.045236416,0.137451114,0.090708972,0.030807085,0.081644179,0.006070103,0.019713034,0.029971587,0.046146866,0.111941424,0.044441264
C50.pi47,CAT,C50,0.108991122,0.015918768,0.064305423,0.208642505,0.001654096,0.03755658,0.179100499,0.061056492,0.014466024,0.003832295,0.006777871,0.037227024,0.002281792,0.001263482,0.085179201,0.106582124,0.052440154,0.000590126,0.002783606,0.009350817
C50.pi48,CAT,C50,0.142946363,0.030419172,0.019114537,0.03518678,0.003149308,0.034124834,0.050849253,0.030591429,0.013427664,0.007022725,0.019725701,0.042144244,0.00389048,0.004069747,0.405220209,0.087440601,0.044530492,0.001284253,0.003948553,0.020913659
C50.pi49,CAT,C50,0.058011686,0.090321367,0.036924528,0.061360399,0.002282995,0.207385138,0.222585324,0.015947691,0.031181602,0.006854375,0.021709251,0.150478185,0.008484101,0.002058113,0.004620611,0.027675445,0.032147721,0.001165109,0.005188964,0.013617396
C50.pi50,CAT,C50,0.215354094,0.035917301,0.021992794,0.073512847,0.003701729,0.056640857,0.135037582,0.066298642,0.015712178,0.013845619,0.026692221,0.047433834,0.00880426,0.003503531,0.073958308,0.09219892,0.057568724,0.00193069,0.004452083,0.045443787
C60.pi1,CAT,C60,0.153436325,0.044438907,0.079672699,0.054675729,0.00473066,0.051433303,0.052932436,0.110377575,0.017448022,0.005034389,0.013029416,0.060392871,0.007555059,0.003555432,0.02495237,0.202962597,0.095766847,0.001444448,0.005980031,0.010180886
C60.pi2,CAT,C60,0.028198469,0.303105549,0.031295461,0.009154935,0.001950346,0.093988439,0.038853014,0.008402833,0.015538472,0.010787288,0.021778659,0.347604293,0.010990492,0.001591929,0.00715399,0.019747905,0.032835233,0.000920999,0.002571402,0.013530292
C60.pi3,CAT,C60,0.008368074,0.000731977,0.000612345,0.000222837,0.002043387,0.000949869,0.000473154,0.000482575,0.000519,0.37684531,0.260833461,0.000629617,0.031570059,0.012398436,0.000959592,0.000974638,0.004999076,0.000865776,0.001713233,0.293807587
C60.pi4,CAT,C60,0.222722935,0.006484607,0.00612065,0.000799759,0.164028591,0.005105189,0.002728081,0.020270252,0.003718388,0.045540607,0.088335007,0.002283287,0.034809456,0.022866705,0.003547158,0.085004007,0.101284829,0.004842483,0.009650003,0.169858007
C60.pi5,CAT,C60,0.041213952,0.006762706,0.005106769,0.001743439,0.020471565,0.005753848,0.003726341,0.006910749,0.018029395,0.115428162,0.169356246,0.004290027,0.041406657,0.223900186,0.005841641,0.014910613,0.023954841,0.033223713,0.137934947,0.120034205
C60.pi6,CAT,C60,0.048055025,0.030843805,0.094062872,0.208460613,0.003780179,0.07476767,0.185518466,0.019140224,0.087216235,0.009468544,0.027734083,0.037574124,0.008830836,0.019600096,0.008126778,0.043968076,0.032458888,0.003466572,0.038749996,0.018176918
C60.pi7,CAT,C60,0.006284875,0.002624692,0.003034251,0.000532415,0.007302763,0.003440909,0.000974149,0.001957816,0.010222519,0.018059231,0.117906468,0.001620592,0.023472183,0.397455252,0.002016558,0.005690333,0.003709182,0.05986391,0.31855653,0.015275374
C60.pi8,CAT,C60,0.181500556,0.002684541,0.014848454,0.002514549,0.420563392,0.0014097,0.000708814,0.046185418,0.001437461,0.004174554,0.009831046,0.000647425,0.004161139,0.006897643,0.003876725,0.186453705,0.068718986,0.002708355,0.006103301,0.034574238
C60.pi9,CAT,C60,0.060074082,0.036764265,0.013486924,0.017057229,0.007071977,0.014246981,0.012748698,0.034356447,0.030585903,0.020457135,0.099455113,0.021236709,0.031816594,0.114090793,0.029762822,0.05057927,0.03393684,0.231280886,0.11924917,0.021742164
C60.pi10,CAT,C60,0.070839451,0.047409849,0.04168223,0.032448292,0.013164127,0.04948747,0.050826439,0.01833092,0.05672727,0.065036908,0.128225556,0.034361839,0.039036293,0.059435956,0.013560821,0.05513432,0.064226036,0.013711838,0.067393429,0.078960957
C60.pi11,CAT,C60,0.061768937,0.007633289,0.030308165,0.343023419,0.000719984,0.030785624,0.379250941,0.028465869,0.007959212,0.001699963,0.003994534,0.021607688,0.001973433,0.000981419,0.017479141,0.033783194,0.020342659,0.000613027,0.001710275,0.00589923
C60.pi12,CAT,C60,0.042155954,0.104206831,0.028698087,0.016438524,0.004445033,0.139369085,0.053194907,0.013471121,0.0177765,0.026772773,0.196723778,0.132373524,0.118282752,0.008672832,0.005183788,0.025585272,0.033329202,0.004585233,0.00702815,0.021706655
C60.pi13,CAT,C60,0.281480993,0.010036707,0.017286778,0.006438573,0.025833751,0.013310193,0.011504641,0.027005493,0.005462966,0.018821609,0.019099346,0.009871284,0.015871959,0.005048171,0.012951003,0.18868086,0.242710498,0.001227463,0.003605292,0.083752421
C60.pi14,CAT,C60,0.276918832,0.0017227,0.002131527,0.001167255,0.031829265,0.001821625,0.002475247,0.019964689,0.000517086,0.098310901,0.048926433,0.001623216,0.017341495,0.007084391,0.007017971,0.033634895,0.08141414,0.000711814,0.003294232,0.362092288
C60.pi15,CAT,C60,0.157779779,0.111214027,0.057040324,0.064829047,0.005331808,0.106537368,0.091358695,0.090620972,0.053380964,0.002917163,0.015622557,0.078214871,0.004575897,0.002504782,0.006707784,0.092931005,0.03931226,0.002857582,0.007759027,0.00850409
C60.pi16,CAT,C60,0.059373514,0.035474077,0.115117531,0.218948271,0.001533217,0.06887524,0.181942291,0.08137071,0.022047829,0.002099358,0.005619126,0.075017208,0.002187174,0.001083832,0.010973742,0.072644946,0.038023827,0.000734646,0.002666488,0.004266973
C60.pi17,CAT,C60,0.097806633,0.026557644,0.010184351,0.012078143,0.00641384,0.030787645,0.029128295,0.01289128,0.012803672,0.072390421,0.127943895,0.024563066,0.030326731,0.019896372,0.272352407,0.035054944,0.048455734,0.004684247,0.010477383,0.1152033
C60.pi18,CAT,C60,0.012402339,0.003068035,0.000923911,0.000603732,0.00418857,0.003295744,0.0012524,0.001130679,0.00135421,0.234416785,0.45505577,0.001671818,0.066730767,0.061061537,0.003707617,0.001942093,0.006761294,0.003893718,0.007491177,0.129047806
C60.pi19,CAT,C60,0.079423062,0.129473936,0.066279273,0.058723624,0.00199195,0.114388059,0.124690064,0.032543231,0.023860537,0.003627715,0.009798796,0.214759732,0.004184621,0.001286995,0.014241024,0.061580739,0.047733359,0.000652537,0.002942023,0.007818723
C60.pi20,CAT,C60,0.024814878,0.008355291,0.188891539,0.4278833,0.002783972,0.021077773,0.14323863,0.064396844,0.018573687,0.002250694,0.003455863,0.01792741,0.00157145,0.001468035,0.007376804,0.037700313,0.018776797,0.000589186,0.004260271,0.004607266
C60.pi21,CAT,C60,0.001700343,0.006067433,0.00042229,0.001071149,0.002905942,0.001642418,0.001173174,0.003557961,0.002763047,0.001229119,0.012742081,0.00042738,0.002567135,0.051337702,0.001353674,0.001187167,0.001403307,0.864043694,0.039091258,0.003313727
C60.pi22,CAT,C60,0.046836068,0.063979692,0.020560369,0.018561552,0.005995414,0.055703082,0.070543604,0.004543533,0.015206277,0.155061336,0.082425338,0.086624835,0.024585444,0.008017719,0.008148562,0.023702562,0.09620545,0.001836867,0.006713172,0.204749124
C60.pi23,CAT,C60,0.025876479,0.020109712,0.029838411,0.010703744,0.014250391,0.015852943,0.010564953,0.0073065,0.141107883,0.011477763,0.040799241,0.01191792,0.0098799,0.187642996,0.005122881,0.027569964,0.01707649,0.0405125,0.353639083,0.018750245
C60.pi24,CAT,C60,0.029628502,0.004640033,0.003494439,0.000885102,0.009004647,0.005548111,0.003304652,0.002796948,0.00507015,0.258339775,0.266808548,0.004669094,0.077082528,0.040879825,0.002691819,0.006853809,0.032226567,0.003550606,0.015335341,0.227189503
C60.pi25,CAT,C60,0.055572581,0.009844786,0.040906443,0.01403896,0.00974186,0.006872771,0.006944319,0.015795656,0.004163126,0.00698265,0.007527125,0.013922482,0.005876269,0.003449673,0.011973336,0.348246639,0.421365598,0.001006149,0.002657677,0.013111901
C60.pi26,CAT,C60,0.068267121,0.061520709,0.053066119,0.036027871,0.014143315,0.061227433,0.049741539,0.026869652,0.112767498,0.013264662,0.054449384,0.048260905,0.017003396,0.080337597,0.019194985,0.067183975,0.044399577,0.019995792,0.125507075,0.026771395
C60.pi27,CAT,C60,0.079261881,0.063837719,0.063528937,0.043664617,0.00495033,0.066636519,0.082963912,0.018342857,0.023316924,0.024942725,0.02214834,0.09325776,0.012089338,0.004913115,0.012636012,0.133484866,0.191674593,0.001804009,0.006235312,0.050310236
C60.pi28,CAT,C60,0.073175911,0.210533599,0.032420085,0.011000715,0.01234585,0.085895199,0.034994268,0.022450917,0.038690328,0.02462263,0.050830735,0.178334483,0.018574072,0.009314879,0.014872277,0.060318144,0.064957493,0.00510464,0.013059742,0.038504032
C60.pi29,CAT,C60,0.087840271,0.011033175,0.006080121,0.00328039,0.017114709,0.010983161,0.010146579,0.008709094,0.005490223,0.198776187,0.175646082,0.008209693,0.04172329,0.019195444,0.011128354,0.020986262,0.069771871,0.003174401,0.008190547,0.282520145
C60.pi30,CAT,C60,0.099021582,0.034935199,0.02111495,0.011879795,0.010899568,0.055771068,0.027899999,0.02402501,0.012344507,0.077656472,0.23545113,0.032281779,0.120766543,0.021444206,0.007565554,0.052417014,0.064978512,0.004707581,0.007732872,0.077106661
C60.pi31,CAT,C60,0.060164117,0.016199523,0.278352275,0.033718881,0.031506699,0.021064599,0.005983945,0.054308071,0.053152351,0.007065083,0.007069814,0.013959837,0.008829865,0.006952588,0.007583433,0.282980256,0.086031709,0.001496655,0.013484945,0.010095355
C60.pi32,CAT,C60,0.004978174,0.001841233,0.000701221,0.000531537,0.005297874,0.002408991,0.000763055,0.001505132,0.004157522,0.044382863,0.441741748,0.001161506,0.060280742,0.335111714,0.002784769,0.002579577,0.003028854,0.017130259,0.045845575,0.023767656
C60.pi33,CAT,C60,0.025199659,0.111446811,0.014203193,0.004101229,0.00970995,0.062007075,0.026257164,0.003806727,0.043193894,0.097404325,0.244719742,0.082431286,0.053932302,0.042909164,0.005265851,0.009609311,0.0251183,0.01465719,0.045696514,0.078330314
C60.pi34,CAT,C60,0.023036165,0.001474875,0.001353439,0.000626444,0.004858012,0.000987005,0.001576258,0.001156534,0.000889924,0.395289589,0.057653721,0.001466353,0.014098654,0.007212704,0.002017789,0.002877024,0.020558085,0.00054777,0.001953908,0.460365749
C60.pi35,CAT,C60,0.140877696,0.029780845,0.017129761,0.028507693,0.003221372,0.032063223,0.042383892,0.029955847,0.013132148,0.006691448,0.019512003,0.038378164,0.003627686,0.004123106,0.438346623,0.08514001,0.042276569,0.001323687,0.003708764,0.019819463
C60.pi36,CAT,C60,0.444249122,0.005021655,0.010230512,0.005719304,0.023540537,0.005599764,0.006488989,0.082268771,0.002550574,0.00336151,0.004099006,0.003809707,0.002868307,0.002441321,0.016289096,0.299996971,0.055966494,0.000773543,0.002063982,0.022660835
C60.pi37,CAT,C60,0.089871796,0.007095831,0.013006762,0.012916689,0.004413148,0.002380655,0.005895703,0.808756302,0.001651786,0.000433928,0.001556446,0.003393903,0.000425342,0.000807357,0.003412814,0.036287689,0.003288753,0.00152239,0.000853745,0.002028962
C60.pi38,CAT,C60,0.055084025,0.047225426,0.18778296,0.127379612,0.003582494,0.052796927,0.065588473,0.063760752,0.040488348,0.007557415,0.013630451,0.086768279,0.008168423,0.004037503,0.011068181,0.126338096,0.075254432,0.001356368,0.011859043,0.010272791
C60.pi39,CAT,C60,0.011768139,0.044255881,0.084414463,0.014471211,0.007038825,0.103834205,0.011090116,0.004962658,0.433719405,0.006133704,0.029879494,0.013792856,0.007623755,0.033826634,0.00813461,0.014057109,0.01082768,0.008068307,0.143725173,0.008375777
C60.pi40,CAT,C60,0.015928564,0.004809866,0.003269264,0.001096694,0.008051992,0.013455246,0.002132422,0.002508637,0.004919215,0.050154389,0.530763429,0.003559943,0.216008519,0.074365072,0.004524735,0.00669222,0.011909228,0.007092813,0.010656511,0.028101243
C60.pi41,CAT,C60,0.019597325,0.010514299,0.328910334,0.309984899,0.003453905,0.011619676,0.02507778,0.062752896,0.029596111,0.003265043,0.002824688,0.024096391,0.000842506,0.001970655,0.004906278,0.10649845,0.043805371,0.000633396,0.005619796,0.004030201
C60.pi42,CAT,C60,0.083380436,0.012587144,0.096982422,0.06868207,0.008198114,0.012152093,0.022741542,0.098229188,0.00739549,0.001747118,0.003965311,0.012934215,0.001955798,0.002413258,0.035592423,0.311560648,0.211336861,0.001632903,0.001799108,0.004713858
C60.pi43,CAT,C60,0.018140913,0.412966256,0.023320515,0.003333355,0.00851436,0.052669425,0.009653188,0.022455264,0.037523893,0.003509048,0.014914662,0.320806579,0.004609886,0.003542686,0.008719747,0.026230942,0.013179114,0.0034767,0.00795882,0.004474647
C60.pi44,CAT,C60,0.24942274,0.018548172,0.016411957,0.01692343,0.012286265,0.022850198,0.037049108,0.034746771,0.008706959,0.059571836,0.045106503,0.017706473,0.020455613,0.007736092,0.068640354,0.088929567,0.098601736,0.002860386,0.006193848,0.167251992
C60.pi45,CAT,C60,0.141973764,0.037394596,0.057629689,0.053745248,0.006885666,0.028623997,0.040754029,0.398810787,0.015289562,0.001662762,0.00923483,0.031427381,0.00554255,0.004028613,0.018032887,0.1123732,0.02424782,0.00259091,0.004905421,0.004846291
C60.pi46,CAT,C60,0.017890331,0.195884365,0.01558539,0.003105428,0.029030423,0.105181926,0.004050339,0.010048029,0.125269622,0.0016708,0.072235665,0.023334017,0.011614235,0.023891326,0.000993842,0.018167554,0.018626022,0.226055469,0.085978723,0.011386496
C60.pi47,CAT,C60,0.145475837,0.042097907,0.040041972,0.129424975,0.001418633,0.090646906,0.247135346,0.031965077,0.013042618,0.005852537,0.012359314,0.081815409,0.004417894,0.001755208,0.015113553,0.065668817,0.051128947,0.000773144,0.002925844,0.016940064
C60.pi48,CAT,C60,0.016979946,0.02423467,0.131804792,0.10436551,0.002208722,0.026934968,0.037637959,0.540447018,0.018113705,0.000745968,0.002114699,0.050861761,0.000947377,0.000678059,0.00387544,0.029703016,0.004583618,0.000603189,0.001570409,0.001589173
C60.pi49,CAT,C60,0.040264625,0.11520226,0.032382917,0.029396835,0.003938866,0.249700804,0.160352425,0.012926041,0.061796784,0.009849126,0.035491882,0.144880442,0.012481887,0.004115338,0.004337423,0.024324696,0.030564537,0.00266766,0.009722785,0.015602669
C60.pi50,CAT,C60,0.225691461,0.052341749,0.024430873,0.063712522,0.004339015,0.057815924,0.115483064,0.086733517,0.013106695,0.008508622,0.019331422,0.06604688,0.006487721,0.002744005,0.06111491,0.107087718,0.050767714,0.001369591,0.002898295,0.029988301
C60.pi51,CAT,C60,0.003316421,0.001531077,0.003083017,0.000826647,0.005189073,0.001102489,0.000513413,0.001043283,0.027845126,0.004189527,0.011121249,0.000714992,0.002362178,0.380176145,0.000836508,0.00358767,0.002360895,0.033334699,0.510788964,0.006076627
C60.pi52,CAT,C60,0.199501401,0.023607868,0.039225454,0.00949551,0.058459045,0.025426536,0.012553537,0.093978734,0.03418572,0.014020988,0.044938757,0.01187233,0.024699063,0.063443394,0.014538532,0.166392064,0.053315921,0.012980267,0.060634616,0.036730261
C60.pi53,CAT,C60,0.031944899,0.101166727,0.208470922,0.037807465,0.006604035,0.076637294,0.027948819,0.036554113,0.208864326,0.004754235,0.015654573,0.086866478,0.004325332,0.010891577,0.006089958,0.057765694,0.030205116,0.002600188,0.03878973,0.00605852
C60.pi54,CAT,C60,0.077679952,0.014251858,0.040321669,0.008065173,0.014009296,0.017999552,0.011262243,0.013686824,0.01337299,0.123963538,0.072467099,0.012914497,0.042074544,0.017358491,0.011708443,0.092272357,0.231689945,0.002815363,0.014172654,0.167913513
C60.pi55,CAT,C60,0.118366266,0.080519261,0.025952493,0.049559544,0.003562484,0.120492492,0.153758921,0.019499343,0.022937317,0.030266121,0.057125063,0.098230411,0.017172747,0.006866571,0.017515303,0.04865884,0.063579621,0.002300831,0.008302743,0.05533363
C60.pi56,CAT,C60,0.05285599,0.019356904,0.026474377,0.209276152,0.000862588,0.121240972,0.402418978,0.015583846,0.01241488,0.005486483,0.009025647,0.049701703,0.004235711,0.001265072,0.006318564,0.01972629,0.023546374,0.000838161,0.003394874,0.015976435
C60.pi57,CAT,C60,0.034436622,0.042622182,0.163671619,0.113900749,0.002098598,0.060541399,0.054178022,0.336163967,0.046177674,0.000346342,0.004835568,0.066755297,0.001970451,0.003155762,0.004036978,0.048117333,0.008914809,0.00065101,0.005414565,0.002011056
C60.pi58,CAT,C60,0.115308895,0.015127864,0.04584766,0.175551668,0.001496236,0.036673122,0.174941005,0.039418131,0.013240153,0.005691297,0.010140956,0.043311839,0.003033206,0.001570023,0.166580256,0.087153603,0.04682606,0.00075157,0.003143272,0.014193183
C60.pi59,CAT,C60,0.386514935,0.003757933,0.00304205,0.002236681,0.021892836,0.002146474,0.003138784,0.369435398,0.00146729,0.008537608,0.012725724,0.001884046,0.00805817,0.003928137,0.015868829,0.080887728,0.030519594,0.000992288,0.001902035,0.041063462
C60.pi60,CAT,C60,0.014657075,0.002884133,0.001299834,0.000521058,0.002431791,0.004936275,0.001487437,0.002095325,0.001018194,0.191390148,0.443279776,0.002289837,0.221742706,0.00916375,0.000768515,0.002725149,0.01709975,0.000877938,0.001475603,0.077855708
Q.bac_locus,BAC,global,0.07225,0.052122,0.044774,0.047161,0.008376,0.037337,0.077807,0.049815,0.017187,0.07794,0.10816,0.091533,0.021123,0.044137,0.027516,0.065306,0.049768,0.007813,0.029696,0.07018