G000005825	.05
G000006685	.16
G000006945	.02
G000006985	.02
G000007125	.02
G000007145	.02
G000007205	.16
G000007325	.08
G000007365	.19
G000007485	.13
G000007605	.16
G000007665	.07
G000007705	.02
G000007725	.20
G000007825	.11
G000007905	.08
G000007925	.09
G000007985	.03
G000008025	.12
G000008045	.05
G000008185	.11
G000008205	.34
G000008305	.18
G000008365	.28
G000008385	.12
G000008465	.01
G000008485	.04
G000008545	.09
G000008565	.07
G000008625	.14
G000008685	.15
G000008765	.06
G000008885	.21
G000008985	.03
G000009045	.03
G000009265	.07
G000009365	.01
G000009605	.18
G000009625	.03
G000009705	.15
G000009765	.09
G000009845	.32
G000009905	.03
G000009945	.16
G000009985	.07
G000010065	.11
G000010085	.01
G000010125	.02
G000010165	.09
G000010185	.05
G000010285	.04
G000010305	.07
G000010325	.05
G000010345	.08
G000010405	.10
G000010425	.07
G000010505	.04
G000010525	.02
G000010565	.07
G000010625	.09
G000010645	.07
G000010665	.09
G000010725	.07
G000010785	.14
G000010805	.06
G000010985	.07
G000011065	.03
G000011225	.23
G000011245	.05
G000011305	.03
G000011325	.03
G000011345	.11
G000011365	.06
G000011385	.11
G000011445	.22
G000011465	.10
G000011485	.09
G000011565	.10
G000011645	.02
G000011705	.05
G000011745	.19
G000011905	.13
G000011965	.02
G000012085	.11
G000012125	.17
G000012145	.05
G000012225	.31
G000012305	.01
G000012325	.03
G000012345	.14
G000012365	.03
G000012385	.08
G000012425	.03
G000012465	.09
G000012485	.04
G000012505	.10
G000012565	.11
G000012585	.02
G000012605	.01
G000012625	.09
G000012645	.10
G000012725	.02
G000012745	.02
G000012765	.21
G000012805	.01
G000012825	.04
G000012845	.04
G000012865	.05
G000012885	.04
G000012905	.04
G000012925	.04
G000012945	.03
G000012965	.08
G000012985	.02
G000013005	.03
G000013025	.02
G000013045	.05
G000013085	.04
G000013145	.12
G000013165	.19
G000013185	.16
G000013205	.10
G000013225	.09
G000013285	.07
G000013325	.04
G000013345	.11
G000013365	.03
G000013385	.08
G000013405	.07
G000013565	.03
G000013605	.05
G000013625	.02
G000013645	.03
G000013665	.01
G000013705	.02
G000013745	.03
G000013765	.02
G000013865	.02
G000013885	.02
G000013905	.01
G000013985	.05
G000014005	.05
G000014045	.02
G000014065	.02
G000014125	.04
G000014145	.03
G000014185	.08
G000014225	.01
G000014265	.14
G000014285	.02
G000014345	.07
G000014425	.04
G000014445	.05
G000014565	.05
G000014585	.10
G000014665	.02
G000014725	.09
G000014745	.02
G000014785	.02
G000014805	.01
G000014825	.02
G000014865	.03
G000014885	.01
G000014905	.06
G000014925	.06
G000014965	.10
G000015025	.06
G000015045	.09
G000015105	.08
G000015125	.03
G000015165	.08
G000015245	.01
G000015265	.04
G000015285	.02
G000015445	.02
G000015505	.03
G000015565	.02
G000015585	.03
G000015645	.10
G000015665	.10
G000015725	.03
G000015865	.06
G000015965	.10
G000016065	.02
G000016085	.02
G000016165	.04
G000016325	.01
G000016345	.02
G000016425	.06
G000016505	.04
G000016545	.04
G000016565	.02
G000016645	.02
G000016665	.07
G000016745	.04
G000016765	.02
G000016785	.08
G000016825	.05
G000016905	.08
G000016985	.07
G000017205	.02
G000017245	.01
G000017265	.04
G000017285	.03
G000017305	.05
G000017405	.02
G000017425	.08
G000017505	.08
G000017545	.07
G000017565	.02
G000017585	.08
G000017645	.02
G000017685	.06
G000017805	.07
G000017845	.15
G000018025	.01
G000018065	.10
G000018105	.14
G000018145	.02
G000018205	.06
G000018285	.03
G000018325	.07
G000018405	.07
G000018425	.07
G000018545	.05
G000018565	.08
G000018585	.10
G000018605	.07
G000018685	.15
G000018785	.10
G000018865	.09
G000018885	.04
G000018945	.08
G000019085	.06
G000019145	.02
G000019165	.03
G000019185	.03
G000019225	.01
G000019345	.27
G000019365	.06
G000019445	.01
G000019525	.02
G000019665	.15
G000019705	.14
G000019745	.04
G000019785	.02
G000019845	.04
G000019905	.03
G000019965	.12
G000020005	.05
G000020025	.12
G000020045	.04
G000020125	.06
G000020145	.10
G000020205	.02
G000020225	.08
G000020325	.08
G000020365	.10
G000020385	.03
G000020465	.04
G000020485	.10
G000020505	.03
G000020525	.02
G000020545	.03
G000020565	.12
G000020585	.04
G000020605	.11
G000020625	.03
G000020645	.03
G000020665	.02
G000020685	.08
G000020725	.05
G000020785	.14
G000020945	.20
G000020965	.06
G000020985	.07
G000021305	.13
G000021325	.02
G000021385	.08
G000021485	.02
G000021545	.08
G000021565	.10
G000021645	.06
G000021685	.09
G000021705	.02
G000021725	.08
G000021745	.02
G000021805	.10
G000021825	.12
G000021865	.02
G000021925	.09
G000021945	.08
G000021985	.01
G000022025	.05
G000022045	.11
G000022065	.04
G000022085	.04
G000022125	.08
G000022145	.08
G000022265	.03
G000022325	.05
G000022525	.20
G000022565	.04
G000022605	.20
G000022905	.04
G000023025	.02
G000023065	.01
G000023105	.05
G000023125	.04
G000023145	.04
G000023185	.09
G000023205	.05
G000023225	.07
G000023245	.05
G000023265	.12
G000023285	.02
G000023325	.09
G000023405	.05
G000023445	.06
G000023465	.02
G000023585	.08
G000023645	.04
G000023705	.02
G000023725	.04
G000023785	.02
G000023825	.03
G000023845	.05
G000023865	.04
G000023885	.07
G000023905	.05
G000023925	.03
G000024005	.02
G000024025	.08
G000024065	.03
G000024085	.01
G000024105	.08
G000024125	.02
G000024165	.06
G000024205	.06
G000024225	.05
G000024265	.07
G000024285	.04
G000024325	.06
G000024345	.08
G000024365	.06
G000024385	.07
G000024405	.04
G000024425	.08
G000024465	.02
G000024505	.07
G000024525	.02
G000024545	.06
G000024565	.05
G000024605	.06
G000024725	.03
G000024765	.02
G000024785	.05
G000024805	.11
G000024845	.02
G000024865	.09
G000024885	.08
G000024905	.09
G000024925	.06
G000024945	.05
G000024965	.04
G000024985	.09
G000025005	.07
G000025125	.13
G000025185	.15
G000025225	.05
G000025265	.12
G000025305	.05
G000025345	.05
G000025485	.03
G000025545	.04
G000025565	.01
G000025605	.14
G000025705	.02
G000025725	.04
G000025845	.26
G000025885	.08
G000025905	.10
G000025925	.04
G000025945	.10
G000025965	.02
G000025985	.04
G000026005	.12
G000026105	.04
G000026125	.03
G000026145	.04
G000026185	.02
G000026205	.30
G000026225	.01
G000026765	.32
G000026985	.05
G000027065	.02
G000027145	.10
G000027165	.03
G000027225	.03
G000027325	.29
G000043285	.20
G000046705	.02
G000055945	.06
G000058485	.07
G000060285	.10
G000060345	.02
G000062885	.07
G000063505	.10
G000063525	.10
G000063605	.28
G000067165	.16
G000067205	.02
G000069185	.04
G000069225	.05
G000069785	.01
G000069925	.30
G000069945	.06
G000085865	.29
G000090965	.26
G000091165	.04
G000091305	.07
G000091325	.03
G000091545	.10
G000092025	.03
G000092045	.03
G000092105	.13
G000092125	.08
G000092205	.07
G000092225	.03
G000092245	.08
G000092285	.07
G000092365	.07
G000092405	.06
G000092425	.08
G000092505	.06
G000092645	.05
G000092785	.07
G000092825	.04
G000092845	.06
G000092865	.03
G000092905	.03
G000092925	.03
G000092985	.06
G000093025	.02
G000093085	.03
G000143085	.01
G000143145	.03
G000143165	.14
G000143625	.02
G000143685	.04
G000143765	.02
G000143825	.05
G000143845	.05
G000143885	.03
G000143965	.07
G000143985	.12
G000144405	.03
G000144605	.02
G000144625	.09
G000144645	.05
G000144695	.08
G000145035	.12
G000145215	.04
G000145235	.08
G000145255	.01
G000145275	.09
G000145615	.03
G000146065	.09
G000146165	.01
G000146185	.14
G000146285	.09
G000146325	.04
G000146345	.06
G000146505	.12
G000146585	.03
G000146675	.04
G000146855	.09
G000147015	.63
G000147075	.11
G000147335	.13
G000147355	.06
G000147675	.07
G000147695	.07
G000147715	.08
G000147815	.05
G000148525	.03
G000148545	.04
G000148585	.03
G000148645	.03
G000148685	.03
G000148725	.05
G000148995	.08
G000152145	.09
G000152625	.03
G000152705	.05
G000152725	.02
G000152745	.02
G000152785	.02
G000152805	.03
G000152825	.02
G000152845	.03
G000152865	.03
G000152885	.07
G000152905	.04
G000152945	.03
G000152965	.02
G000152985	.02
G000153025	.07
G000153045	.15
G000153105	.14
G000153125	.03
G000153145	.06
G000153165	.03
G000153185	.06
G000153205	.04
G000153225	.05
G000153285	.10
G000153305	.03
G000153325	.08
G000153345	.05
G000153385	.02
G000153405	.01
G000153445	.01
G000153465	.04
G000153485	.02
G000153545	.04
G000153705	.02
G000153725	.06
G000153745	.03
G000153765	.04
G000153805	.10
G000153825	.09
G000153885	.11
G000153905	.11
G000153925	.08
G000154065	.08
G000154105	.03
G000154205	.03
G000154245	.09
G000154285	.09
G000154325	.06
G000154345	.06
G000154425	.09
G000154445	.06
G000154465	.06
G000154525	.03
G000154565	.05
G000154705	.03
G000154725	.03
G000154785	.02
G000154805	.09
G000154825	.04
G000154845	.03
G000154905	.13
G000154985	.03
G000155205	.09
G000155435	.09
G000155475	.09
G000155555	.19
G000155595	.13
G000155615	.02
G000155635	.10
G000155675	.02
G000155695	.12
G000155715	.04
G000155735	.02
G000155775	.10
G000155815	.03
G000155855	.17
G000155875	.17
G000155895	.13
G000155955	.07
G000155975	.02
G000156015	.13
G000156115	.02
G000156155	.04
G000156175	.06
G000156195	.05
G000156215	.10
G000156295	.03
G000156335	.03
G000156355	.06
G000156375	.06
G000156395	.03
G000156495	.14
G000156575	.08
G000156655	.13
G000156715	.03
G000157895	.04
G000157915	.06
G000157935	.03
G000157955	.08
G000157975	.11
G000157995	.15
G000158035	.10
G000158075	.18
G000158095	.04
G000158135	.02
G000158155	.02
G000158175	.02
G000158195	.08
G000158275	.08
G000158455	.10
G000158475	.02
G000158655	.06
G000158815	.13
G000158915	.19
G000158955	.10
G000159015	.04
G000159035	.11
G000159095	.07
G000159115	.04
G000159135	.05
G000159235	.05
G000159315	.05
G000159355	.04
G000159435	.05
G000159635	.04
G000159695	.05
G000159955	.06
G000159995	.03
G000160035	.09
G000160055	.06
G000160075	.02
G000160115	.05
G000160135	.10
G000160455	.08
G000160475	.10
G000160535	.06
G000160555	.05
G000160575	.06
G000160615	.08
G000160675	.04
G000160695	.05
G000160755	.03
G000160775	.03
G000160835	.04
G000160855	.04
G000160875	.04
G000161455	.10
G000161775	.06
G000161795	.10
G000161835	.02
G000161935	.04
G000161975	.11
G000162475	.11
G000162575	.10
G000162755	.08
G000162875	.05
G000163055	.03
G000163295	.07
G000163435	.07
G000163555	.12
G000163695	.07
G000163895	.07
G000163935	.09
G000163995	.11
G000164135	.06
G000164635	.06
G000164675	.03
G000164695	.03
G000164865	.03
G000165125	.06
G000165465	.08
G000165485	.10
G000165505	.07
G000165675	.14
G000165715	.13
G000165735	.04
G000165795	.09
G000165835	.04
G000166055	.02
G000166135	.07
G000166195	.02
G000166275	.04
G000166295	.04
G000166335	.05
G000166355	.04
G000166395	.05
G000166415	.10
G000166715	.05
G000166735	.26
G000166775	.05
G000167195	.11
G000167355	.06
G000168295	.04
G000168715	.10
G000168735	.79
G000168975	.03
G000168995	.03
G000169075	.03
G000169095	.16
G000169115	.01
G000169155	.12
G000169175	.06
G000169195	.04
G000169235	.09
G000169255	.08
G000169335	.14
G000169355	.02
G000169375	.05
G000169395	.02
G000169415	.03
G000169435	.04
G000169455	.02
G000169535	.28
G000169995	.18
G000170755	.13
G000170795	.04
G000170815	.03
G000170835	.02
G000170855	.11
G000170895	.11
G000170915	.04
G000170955	.15
G000171235	.16
G000171335	.20
G000171615	.16
G000171815	.25
G000171835	.02
G000171875	.03
G000172075	.04
G000172095	.02
G000172155	.08
G000172175	.03
G000172415	.13
G000172555	.13
G000172635	.02
G000172795	.03
G000172975	.07
G000173075	.15
G000173095	.09
G000173115	.30
G000173355	.15
G000173415	.04
G000173575	.02
G000173615	.28
G000173655	.03
G000173735	.02
G000173775	.01
G000173795	.08
G000173815	.13
G000173835	.09
G000173915	.03
G000173975	.11
G000174015	.05
G000174195	.13
G000174355	.04
G000174415	.09
G000174435	.07
G000174755	.02
G000174775	.06
G000174815	.07
G000174895	.04
G000175095	.02
G000175115	.04
G000175195	.01
G000175215	.02
G000175235	.04
G000175255	.02
G000175575	.04
G000175615	.03
G000175635	.05
G000175795	.05
G000175855	.14
G000175935	.01
G000176015	.03
G000176035	.03
G000176135	.01
G000176155	.02
G000176175	.04
G000176235	.03
G000176355	.03
G000176515	.01
G000176735	.07
G000176855	.02
G000176915	.09
G000177075	.04
G000177195	.05
G000177215	.09
G000177235	.07
G000177255	.02
G000177335	.10
G000177375	.10
G000177535	.04
G000177635	.06
G000177675	.10
G000178115	.05
G000178155	.07
G000178375	.32
G000178455	.05
G000178475	.04
G000178835	.05
G000178855	.21
G000178955	.05
G000178975	.07
G000178995	.03
G000179035	.54
G000179055	.09
G000179235	.11
G000179255	.13
G000179315	.16
G000179555	.09
G000179595	.08
G000179615	.07
G000179635	.06
G000179775	.02
G000179915	.05
G000180035	.04
G000181495	.25
G000181515	.03
G000181875	.16
G000182645	.06
G000182745	.02
G000182945	.15
G000183135	.04
G000183325	.07
G000183365	.21
G000183385	.28
G000183405	.03
G000183425	.03
G000183525	.07
G000183545	.06
G000183565	.06
G000183665	.05
G000183725	.08
G000183745	.09
G000183865	.41
G000184345	.11
G000184685	.05
G000184705	.05
G000184745	.02
G000184945	.04
G000185145	.03
G000185285	.05
G000185305	.01
G000185365	.04
G000185385	.08
G000185505	.05
G000185725	.04
G000185805	.11
G000185845	.03
G000185905	.05
G000185965	.02
G000185985	.21
G000186225	.03
G000186245	.07
G000186265	.02
G000186325	.05
G000186345	.14
G000186385	.08
G000186445	.03
G000186465	.04
G000186705	.03
G000186885	.09
G000187265	.03
G000187465	.03
G000187585	.03
G000187625	.12
G000187745	.03
G000187895	.04
G000187935	.03
G000187975	.03
G000187995	.04
G000188015	.03
G000188035	.03
G000188055	.03
G000188155	.04
G000188175	.04
G000188195	.02
G000188255	.01
G000188295	.05
G000189255	.01
G000189275	.02
G000189295	.09
G000189395	.03
G000189415	.02
G000189535	.04
G000189755	.03
G000189775	.03
G000190375	.02
G000190415	.05
G000190435	.10
G000190475	.07
G000190535	.05
G000190555	.08
G000190575	.04
G000190595	.03
G000190635	.03
G000190695	.03
G000190735	.03
G000190755	.03
G000191045	.07
G000191065	.03
G000191405	.01
G000191885	.03
G000192225	.02
G000192435	.04
G000192475	.02
G000192575	.04
G000192745	.02
G000192845	.02
G000192865	.01
G000193205	.09
G000193225	.11
G000193495	.02
G000193635	.06
G000193735	.03
G000193795	.02
G000194135	.06
G000194155	.08
G000194605	.02
G000194945	.04
G000194985	.06
G000195085	.14
G000195275	.13
G000195295	.07
G000195315	.05
G000195335	.09
G000195575	.04
G000195595	.06
G000195635	.03
G000195755	.07
G000195855	.06
G000195955	.04
G000195975	.10
G000196015	.02
G000196115	.16
G000196135	.10
G000196175	.05
G000196235	.05
G000196255	.05
G000196275	.07
G000196315	.02
G000196355	.02
G000196435	.02
G000196455	.08
G000196495	.03
G000196515	.13
G000196555	.06
G000196615	.01
G000196675	.07
G000196735	.02
G000196795	.02
G000196815	.06
G000196875	.01
G000197735	.03
G000198515	.02
G000198775	.06
G000199675	.08
G000200595	.11
G000200735	.44
G000202635	.05
G000202835	.02
G000203875	.02
G000203915	.01
G000203935	.02
G000203975	.02
G000204015	.02
G000204035	.12
G000204135	.16
G000204195	.02
G000204255	.16
G000204565	.04
G000204645	.03
G000205025	.03
G000205165	.03
G000205985	.23
G000208385	.10
G000208405	.05
G000209465	.09
G000209515	.07
G000209655	.02
G000209735	.26
G000209815	.17
G000210015	.11
G000210055	.33
G000210075	.03
G000210095	.05
G000210575	.10
G000210715	.23
G000210895	.01
G000210915	.08
G000211415	.15
G000211815	.10
G000211835	.02
G000211855	.02
G000212355	.02
G000212375	.06
G000212395	.11
G000212415	.13
G000212695	.03
G000212735	.03
G000212815	.04
G000212855	.04
G000212915	.05
G000213055	.06
G000213255	.05
G000213395	.43
G000213555	.02
G000213575	.02
G000213655	.02
G000213785	.13
G000213805	.02
G000213975	.05
G000214035	.02
G000214075	.14
G000214135	.02
G000214175	.03
G000214215	.01
G000214355	.09
G000214375	.11
G000214475	.16
G000214495	.07
G000214595	.01
G000214665	.04
G000214705	.08
G000214825	.01
G000215085	.04
G000215105	.06
G000215385	.03
G000215485	.19
G000215705	.02
G000215745	.03
G000215935	.04
G000215955	.05
G000215975	.07
G000217635	.28
G000217795	.07
G000217815	.07
G000217915	.04
G000217935	.01
G000217955	.03
G000218235	.04
G000218485	.07
G000218525	.34
G000218545	.04
G000218565	.02
G000218625	.04
G000218705	.24
G000218745	.15
G000218785	.01
G000218875	.02
G000218895	.03
G000219125	.08
G000219175	.23
G000219215	.02
G000219355	.09
G000219535	.05
G000219565	.01
G000219585	.02
G000219605	.01
G000219725	.11
G000219875	.04
G000219915	.17
G000220045	.03
G000220065	.06
G000220085	.03
G000220235	.03
G000220255	.03
G000220335	.04
G000220505	.01
G000220525	.03
G000220565	.04
G000220705	.06
G000220835	.05
G000220865	.05
G000220945	.05
G000220985	.07
G000221045	.03
G000222025	.02
G000222305	.16
G000222485	.04
G000222585	.06
G000222605	.03
G000222685	.03
G000222705	.04
G000222765	.06
G000222785	.03
G000222855	.24
G000223215	.07
G000223255	.19
G000223315	.17
G000223335	.07
G000223375	.02
G000223985	.03
G000224005	.03
G000224065	.04
G000224085	.02
G000224105	.22
G000224335	.04
G000224415	.07
G000224515	.11
G000224765	.38
G000224785	.02
G000225005	.02
G000225345	.09
G000225445	.17
G000225465	.18
G000225505	.06
G000225525	.07
G000225705	.04
G000225825	.05
G000226215	.04
G000226255	.09
G000226295	.08
G000226315	.03
G000226565	.01
G000226875	.03
G000226955	.02
G000227275	.07
G000227295	.03
G000227315	.11
G000227465	.02
G000227505	.01
G000227525	.02
G000227585	.11
G000227665	.01
G000227685	.02
G000227725	.05
G000227745	.04
G000227765	.01
G000228725	.05
G000230555	.02
G000230675	.10
G000230695	.01
G000230835	.09
G000230895	.04
G000230935	.05
G000230975	.03
G000230995	.05
G000231035	.20
G000231055	.07
G000231075	.06
G000231275	.04
G000231385	.10
G000231405	.05
G000231445	.02
G000233435	.23
G000233455	.10
G000233695	.08
G000233715	.04
G000233775	.07
G000233955	.06
G000234095	.04
G000234355	.02
G000235405	.11
G000235425	.09
G000235445	.08
G000235465	.13
G000235485	.04
G000235505	.10
G000235585	.06
G000235605	.10
G000235625	.01
G000235725	.01
G000235745	.02
G000235885	.04
G000236035	.04
G000236165	.04
G000236405	.20
G000236565	.05
G000236585	.09
G000236685	.09
G000236705	.02
G000236785	.02
G000236805	.08
G000236865	.07
G000236925	.02
G000237085	.05
G000237205	.12
G000237325	.08
G000237805	.08
G000237825	.12
G000237975	.06
G000237995	.04
G000238055	.11
G000238075	.10
G000238115	.08
G000238255	.01
G000238275	.01
G000238295	.01
G000238315	.01
G000238335	.01
G000238355	.01
G000238375	.01
G000238395	.02
G000238595	.02
G000238775	.13
G000238795	.01
G000238815	.02
G000238915	.06
G000238975	.09
G000238995	.47
G000239155	.09
G000239275	.21
G000239295	.04
G000239695	.04
G000239775	.06
G000239795	.08
G000239815	.05
G000239855	.02
G000240165	.09
G000240225	.06
G000241055	.06
G000241265	.04
G000241305	.04
G000241325	.04
G000241345	.05
G000241465	.06
G000241485	.08
G000241525	.02
G000241955	.02
G000242235	.07
G000242255	.02
G000242435	.05
G000242455	.20
G000242595	.09
G000242615	.07
G000242635	.02
G000242715	.07
G000242815	.05
G000242895	.03
G000242915	.08
G000242935	.13
G000243075	.02
G000243095	.13
G000243115	.04
G000243135	.07
G000243155	.09
G000243215	.05
G000243235	.03
G000243275	.02
G000243335	.08
G000243395	.04
G000243415	.04
G000243675	.07
G000243695	.07
G000243715	.07
G000243735	.07
G000243815	.12
G000244755	.07
G000244815	.19
G000244875	.05
G000244895	.09
G000244915	.04
G000244935	.05
G000244955	.05
G000244975	.06
G000244995	.02
G000245015	.04
G000245055	.08
G000245075	.02
G000245335	.08
G000245555	.16
G000245735	.01
G000245755	.08
G000245795	.06
G000245815	.04
G000246855	.03
G000246875	.02
G000246895	.07
G000246945	.02
G000247475	.03
G000247565	.20
G000247605	.08
G000247645	.08
G000247995	.05
G000248055	.07
G000248075	.12
G000250635	.02
G000250655	.12
G000250675	.16
G000250735	.09
G000250875	.11
G000251145	.11
G000252125	.02
G000252165	.01
G000252445	.08
G000252485	.12
G000252525	.17
G000252855	.03
G000252955	.04
G000252995	.01
G000253115	.02
G000253155	.03
G000253295	.05
G000254135	.08
G000255115	.09
G000255135	.06
G000255295	.13
G000255355	.06
G000255455	.06
G000255495	.04
G000255555	.13
G000255655	.13
G000255705	.15
G000256565	.09
G000257205	.01
G000257395	.39
G000257645	.04
G000257665	.06
G000257845	.03
G000257905	.03
G000257925	.02
G000258175	.04
G000258405	.02
G000258495	.11
G000258595	.06
G000258765	.09
G000259075	.03
G000259195	.02
G000259255	.11
G000259275	.10
G000259505	.03
G000260115	.02
G000260135	.06
G000260415	.06
G000260435	.03
G000260655	.03
G000260715	.06
G000260795	.13
G000260835	.02
G000260965	.01
G000260985	.01
G000261365	.01
G000261685	.09
G000262045	.02
G000262245	.01
G000262305	.02
G000262345	.07
G000262405	.07
G000262465	.12
G000262545	.02
G000262715	.22
G000262755	.04
G000263195	.05
G000263275	.40
G000263395	.03
G000263595	.07
G000263635	.06
G000263715	.03
G000263855	.02
G000264055	.03
G000264295	.01
G000264315	.02
G000264375	.01
G000264455	.04
G000264765	.02
G000264785	.02
G000264945	.02
G000265075	.25
G000265205	.03
G000265245	.06
G000265295	.08
G000265365	.05
G000265385	.02
G000265405	.02
G000265425	.04
G000265465	.02
G000265505	.03
G000266865	.28
G000266885	.10
G000266905	.05
G000266945	.07
G000269605	.06
G000269805	.04
G000269865	.06
G000269905	.09
G000269965	.05
G000269985	.08
G000270185	.04
G000270205	.09
G000270245	.04
G000270285	.08
G000270305	.08
G000271305	.03
G000271405	.02
G000271485	.08
G000271665	.08
G000271845	.06
G000272005	.01
G000272025	.02
G000272045	.05
G000272105	.03
G000272145	.02
G000272405	.06
G000272475	.02
G000273375	.04
G000273745	.09
G000275725	.02
G000275825	.02
G000276685	.02
G000276805	.01
G000276965	.18
G000277125	.04
G000277405	.11
G000277545	.02
G000277645	.08
G000277795	.56
G000278115	.02
G000278135	.02
G000278155	.02
G000278215	.02
G000278235	.02
G000278255	.02
G000278275	.02
G000278295	.02
G000278725	.05
G000279145	.03
G000279535	.03
G000280055	.01
G000280495	.05
G000280925	.13
G000281065	.05
G000281085	.03
G000281175	.08
G000281235	.57
G000281715	.03
G000281895	.02
G000281955	.02
G000281975	.05
G000282035	.03
G000282055	.03
G000282075	.09
G000282095	.05
G000282115	.02
G000282135	.02
G000282195	.01
G000282215	.02
G000282275	.03
G000282315	.01
G000282375	.01
G000282415	.01
G000282455	.02
G000282475	.02
G000282495	.02
G000282515	.01
G000282535	.01
G000282575	.02
G000282595	.03
G000282615	.06
G000282635	.02
G000282655	.02
G000282895	.05
G000282975	.02
G000282995	.08
G000283235	.04
G000283315	.07
G000283515	.03
G000283555	.09
G000283575	.06
G000283635	.03
G000283655	.08
G000284015	.04
G000284035	.03
G000284075	.06
G000284095	.07
G000284115	.14
G000284255	.02
G000284295	.07
G000284315	.08
G000284335	.13
G000284375	.06
G000284415	.06
G000284455	.09
G000284515	.05
G000284595	.02
G000284615	.01
G000285295	.02
G000285495	.04
G000285515	.10
G000285535	.07
G000285555	.04
G000285575	.09
G000285595	.04
G000285835	.05
G000285855	.11
G000286075	.04
G000286315	.03
G000286355	.33
G000286455	.05
G000286835	.01
G000286955	.02
G000287055	.03
G000287335	.09
G000287355	.16
G000287675	.08
G000287715	.03
G000290615	.04
G000291355	.11
G000291825	.42
G000292245	.08
G000292345	.05
G000292525	.03
G000292795	.02
G000292915	.03
G000293785	.02
G000293805	.07
G000293845	.02
G000293865	.03
G000293885	.01
G000294495	.03
G000294575	.16
G000294655	.03
G000294775	.05
G000295095	.06
G000295855	.05
G000295935	.02
G000295955	.02
G000296215	.05
G000296385	.08
G000296405	.07
G000296445	.05
G000296465	.03
G000296695	.03
G000296775	.09
G000296795	.08
G000296815	.03
G000296835	.05
G000296855	.04
G000297025	.04
G000297055	.03
G000297095	.11
G000297115	.04
G000297215	.02
G000297255	.13
G000297395	.06
G000297435	.11
G000297495	.08
G000297775	.01
G000298075	.03
G000298175	.04
G000298195	.05
G000298215	.07
G000298235	.04
G000298295	.03
G000298315	.06
G000299035	.10
G000299095	.16
G000299115	.14
G000299235	.10
G000299335	.02
G000299355	.09
G000299415	.09
G000299575	.03
G000299875	.02
G000299895	.01
G000299915	.01
G000299935	.03
G000300005	.01
G000300075	.52
G000300195	.21
G000300235	.02
G000300275	.02
G000300335	.03
G000300455	.01
G000300515	.03
G000300535	.02
G000300815	.01
G000300855	.02
G000300875	.03
G000300975	.03
G000300995	.02
G000301035	.05
G000301055	.05
G000301075	.05
G000302535	.02
G000302595	.03
G000302695	.01
G000304315	.02
G000304335	.07
G000304455	.16
G000305495	.09
G000305785	.02
G000305935	.05
G000306115	.07
G000306235	.06
G000306255	.07
G000306675	.07
G000306785	.06
G000306885	.18
G000306945	.02
G000306965	.02
G000307025	.09
G000307105	.08
G000307165	.02
G000307225	.18
G000307265	.05
G000307305	.01
G000307775	.02
G000307855	.05
G000307875	.06
G000307935	.14
G000307955	.09
G000308055	.04
G000308255	.08
G000308275	.05
G000308295	.03
G000308315	.32
G000308375	.12
G000308415	.07
G000308435	.06
G000308455	.09
G000308475	.15
G000308495	.10
G000308515	.08
G000308535	.11
G000308555	.10
G000308575	.08
G000308595	.05
G000308615	.10
G000308635	.07
G000308655	.08
G000308675	.05
G000308695	.10
G000308715	.11
G000308755	.07
G000308775	.07
G000308795	.06
G000308815	.06
G000308835	.10
G000308855	.04
G000308875	.11
G000309075	.18
G000309385	.15
G000309485	.29
G000309945	.13
G000310145	.04
G000310185	.03
G000310205	.03
G000310225	.06
G000310245	.06
G000311725	.05
G000311745	.11
G000311785	.05
G000311825	.08
G000311845	.07
G000311865	.06
G000311985	.05
G000312005	.10
G000312025	.16
G000312045	.03
G000312105	.04
G000312125	.10
G000312145	.04
G000312305	.12
G000312365	.08
G000312385	.04
G000312425	.03
G000312445	.02
G000312485	.01
G000312505	.06
G000312525	.03
G000312545	.05
G000312565	.03
G000312585	.07
G000312665	.03
G000313175	.08
G000313565	.06
G000313615	.08
G000313755	.03
G000313915	.03
G000313935	.02
G000314005	.11
G000314675	.04
G000314735	.03
G000314795	.03
G000314855	.05
G000314895	.10
G000314955	.01
G000314975	.03
G000314995	.04
G000315015	.01
G000315055	.02
G000315235	.04
G000315365	.05
G000315425	.03
G000315445	.07
G000315485	.03
G000315525	.02
G000315545	.04
G000315565	.13
G000315795	.02
G000316035	.06
G000316115	.15
G000316195	.07
G000316515	.11
G000316575	.13
G000316605	.10
G000316625	.13
G000316645	.12
G000316665	.13
G000316685	.10
G000316985	.08
G000317025	.10
G000317045	.12
G000317065	.10
G000317085	.10
G000317105	.14
G000317125	.15
G000317145	.12
G000317205	.14
G000317225	.13
G000317245	.12
G000317285	.16
G000317305	.04
G000317435	.12
G000317475	.17
G000317495	.15
G000317515	.17
G000317535	.17
G000317555	.13
G000317575	.13
G000317595	.07
G000317615	.10
G000317635	.10
G000317655	.11
G000317675	.11
G000317695	.14
G000317835	.08
G000317895	.05
G000318095	.04
G000318405	.02
G000319225	.04
G000319245	.03
G000319305	.16
G000319365	.56
G000319385	.13
G000319575	.02
G000320365	.01
G000320405	.10
G000321005	.08
G000321025	.06
G000321045	.02
G000321205	.05
G000321415	.02
G000325665	.10
G000325705	.02
G000325745	.05
G000327045	.01
G000327065	.01
G000327285	.09
G000327325	.04
G000327395	.20
G000328305	.04
G000328565	.06
G000328625	.08
G000328705	.06
G000328765	.10
G000330705	.03
G000330725	.02
G000330845	.01
G000330885	.03
G000331005	.09
G000331025	.07
G000331105	.04
G000331225	.03
G000331245	.02
G000331285	.03
G000331305	.19
G000331515	.01
G000331535	.04
G000331575	.02
G000331735	.12
G000331775	.03
G000331975	.48
G000331995	.06
G000332035	.10
G000332055	.11
G000332075	.12
G000332095	.18
G000332115	.02
G000332135	.16
G000332155	.17
G000332175	.10
G000332195	.13
G000332215	.13
G000332235	.10
G000332255	.12
G000332275	.13
G000332295	.13
G000332315	.12
G000332335	.12
G000332355	.15
G000332415	.06
G000332455	.06
G000332475	.06
G000332495	.06
G000332515	.07
G000332645	.03
G000332815	.23
G000332875	.12
G000332975	.07
G000332995	.04
G000333015	.04
G000333035	.04
G000333235	.01
G000333275	.17
G000333335	.19
G000333355	.19
G000333375	.25
G000333395	.27
G000333455	.12
G000333615	.16
G000333815	.05
G000333895	.03
G000333955	.05
G000334155	.07
G000334215	.01
G000334405	.20
G000334455	.05
G000334915	.05
G000335475	.13
G000335715	.02
G000335735	.02
G000335815	.02
G000336385	.02
G000336555	.02
G000336575	.01
G000338275	.02
G000338295	.16
G000338875	.03
G000340375	.07
G000340435	.04
G000340475	.07
G000340565	.13
G000340795	.02
G000340865	.02
G000340885	.08
G000340905	.03
G000340965	.04
G000340985	.07
G000341005	.10
G000341025	.07
G000341065	.07
G000341085	.07
G000341105	.06
G000341125	.09
G000341145	.06
G000341185	.09
G000341225	.04
G000341245	.10
G000341265	.10
G000341345	.04
G000341355	.02
G000341395	.08
G000341505	.01
G000341545	.09
G000341615	.02
G000341735	.03
G000341795	.03
G000341895	.07
G000342005	.07
G000342045	.03
G000342165	.02
G000342265	.02
G000344135	.05
G000344155	.03
G000344175	.12
G000344275	.05
G000344295	.14
G000344615	.05
G000344785	.03
G000344805	.04
G000346295	.21
G000346485	.18
G000346505	.16
G000346615	.03
G000346755	.02
G000347035	.07
G000347175	.09
G000347635	.07
G000347775	.03
G000348685	.02
G000348725	.08
G000348745	.03
G000348785	.06
G000348805	.21
G000348905	.04
G000348925	.08
G000348945	.03
G000349205	.02
G000349325	.05
G000349565	.08
G000349725	.05
G000349845	.01
G000349945	.04
G000350085	.04
G000350105	.14
G000350145	.08
G000350165	.08
G000350485	.06
G000350525	.05
G000350545	.07
G000353285	.14
G000353875	.21
G000354175	.01
G000355675	.02
G000355695	.06
G000355765	.02
G000355805	.03
G000355905	.02
G000359125	.03
G000359585	.07
G000359605	.07
G000359745	.03
G000364165	.05
G000364225	.07
G000364445	.04
G000364605	.05
G000364625	.01
G000364705	.02
G000364845	.01
G000365025	.03
G000365305	.03
G000367325	.03
G000367345	.02
G000367365	.07
G000367405	.05
G000367525	.07
G000367765	.28
G000367925	.01
G000367945	.02
G000368025	.02
G000368045	.01
G000368065	.02
G000368085	.02
G000368145	.02
G000368265	.02
G000368565	.01
G000368585	.02
G000368625	.01
G000368685	.02
G000368765	.02
G000368785	.01
G000368825	.03
G000368865	.01
G000368925	.03
G000368965	.02
G000369005	.02
G000369045	.03
G000369065	.02
G000369405	.02
G000369505	.03
G000369525	.02
G000369625	.01
G000369645	.02
G000369805	.02
G000371745	.63
G000371785	.04
G000371845	.35
G000371905	.05
G000371925	.01
G000372065	.02
G000372085	.05
G000372185	.23
G000372225	.32
G000372365	.01
G000372385	.05
G000372405	.04
G000372425	.04
G000372445	.05
G000372465	.12
G000372485	.07
G000372525	.01
G000372645	.02
G000372745	.12
G000372785	.37
G000372805	.04
G000372825	.02
G000372845	.02
G000372865	.04
G000372885	.02
G000372965	.03
G000373105	.03
G000373145	.09
G000373185	.03
G000373205	.08
G000373245	.03
G000373265	.03
G000373365	.09
G000373385	.02
G000373485	.03
G000373545	.10
G000373565	.05
G000373585	.08
G000373625	.06
G000373645	.07
G000373745	.03
G000373765	.02
G000373785	.07
G000373805	.05
G000373905	.04
G000373925	.16
G000373965	.02
G000373985	.11
G000374005	.03
G000374025	.04
G000374045	.04
G000374065	.03
G000374085	.03
G000374105	.01
G000374125	.03
G000374145	.02
G000374165	.11
G000374185	.08
G000374285	.01
G000374305	.12
G000374325	.06
G000374345	.04
G000374365	.05
G000374405	.04
G000374425	.03
G000374445	.08
G000374465	.17
G000374485	.01
G000374505	.05
G000374525	.02
G000374545	.06
G000374565	.04
G000374585	.04
G000374625	.02
G000374645	.04
G000374805	.02
G000374825	.04
G000374845	.11
G000374865	.03
G000374905	.03
G000374925	.05
G000375345	.01
G000375365	.04
G000375405	.03
G000375425	.03
G000375465	.02
G000375485	.11
G000375525	.04
G000375545	.02
G000375585	.03
G000375645	.06
G000376105	.02
G000376225	.05
G000376245	.03
G000376265	.08
G000376385	.06
G000376425	.01
G000376565	.08
G000376585	.12
G000376785	.02
G000376805	.02
G000376825	.03
G000376845	.01
G000376865	.02
G000376885	.05
G000376945	.02
G000376985	.03
G000377005	.04
G000377145	.05
G000377205	.02
G000377345	.02
G000377405	.02
G000377505	.05
G000377565	.05
G000377625	.02
G000377645	.02
G000377665	.01
G000377705	.03
G000377745	.01
G000377765	.02
G000377785	.02
G000377845	.03
G000377905	.02
G000377945	.01
G000377965	.06
G000377985	.05
G000378005	.19
G000378025	.03
G000378045	.05
G000378065	.04
G000378085	.02
G000378105	.06
G000378125	.01
G000378145	.08
G000378165	.02
G000378185	.01
G000378205	.11
G000378225	.02
G000378245	.02
G000378305	.02
G000378345	.02
G000378385	.09
G000378405	.02
G000378425	.05
G000378445	.08
G000378465	.02
G000378485	.02
G000378505	.01
G000378605	.05
G000378625	.03
G000378725	.06
G000378745	.03
G000378765	.02
G000378825	.06
G000378865	.32
G000378885	.24
G000378945	.02
G000378965	.02
G000378985	.03
G000379025	.08
G000379065	.08
G000379125	.03
G000379145	.07
G000379165	.02
G000379185	.02
G000379225	.19
G000379365	.16
G000379425	.03
G000379445	.04
G000379465	.05
G000379485	.02
G000379525	.06
G000379565	.02
G000379605	.03
G000379625	.06
G000379645	.13
G000379665	.04
G000379685	.09
G000379705	.05
G000379725	.03
G000379765	.03
G000379785	.01
G000379805	.04
G000379825	.10
G000379845	.01
G000379885	.09
G000379905	.02
G000379925	.04
G000379945	.04
G000379965	.04
G000379985	.04
G000380005	.03
G000380025	.04
G000380045	.03
G000380065	.04
G000380085	.04
G000380105	.03
G000380125	.04
G000380145	.03
G000380165	.07
G000380185	.02
G000380225	.11
G000380245	.08
G000380335	.05
G000380485	.04
G000380505	.02
G000380565	.03
G000380605	.06
G000380645	.04
G000380965	.05
G000380985	.03
G000381005	.06
G000381025	.06
G000381045	.09
G000381065	.08
G000381085	.02
G000381125	.01
G000381265	.03
G000381345	.07
G000381365	.04
G000381525	.07
G000381545	.02
G000381565	.02
G000381585	.05
G000381605	.05
G000381625	.05
G000381725	.09
G000381745	.01
G000381765	.05
G000381825	.02
G000381885	.11
G000381905	.05
G000381925	.05
G000381945	.02
G000381965	.02
G000381985	.02
G000382045	.04
G000382065	.02
G000382125	.02
G000382145	.02
G000382165	.01
G000382185	.01
G000382205	.03
G000382225	.03
G000382245	.01
G000382265	.04
G000382285	.02
G000382305	.02
G000382325	.03
G000382345	.02
G000382365	.02
G000382385	.03
G000382405	.05
G000382425	.02
G000382445	.04
G000382485	.05
G000382705	.06
G000382885	.09
G000383095	.02
G000383115	.34
G000383235	.10
G000383295	.07
G000383355	.08
G000383415	.04
G000383475	.07
G000383515	.29
G000383575	.10
G000383595	.05
G000383615	.06
G000383675	.06
G000383715	.31
G000383735	.48
G000383775	.22
G000383795	.22
G000383815	.24
G000383875	.06
G000383895	.02
G000383915	.08
G000383935	.07
G000383955	.03
G000384035	.04
G000384075	.03
G000384115	.05
G000384135	.05
G000384155	.02
G000384195	.08
G000384215	.06
G000384235	.01
G000384255	.02
G000384295	.05
G000384315	.08
G000384335	.03
G000384375	.02
G000384395	.06
G000384415	.02
G000384475	.02
G000384495	.60
G000384615	.13
G000384655	.07
G000384815	.07
G000384935	.17
G000384965	.03
G000385055	.11
G000385135	.09
G000385175	.03
G000385215	.02
G000385335	.04
G000385375	.02
G000385635	.20
G000385835	.14
G000385925	.06
G000387765	.05
G000388115	.05
G000388175	.20
G000389635	.07
G000389965	.09
G000390185	.02
G000392435	.23
G000392615	.07
G000392875	.03
G000397065	.01
G000397205	.02
G000398025	.45
G000399665	.02
G000399685	.02
G000400365	.04
G000400485	.06
G000400505	.03
G000400715	.02
G000400735	.01
G000400935	.17
G000400955	.17
G000400995	.02
G000401215	.08
G000402035	.02
G000402295	.38
G000402655	.20
G000402755	.33
G000402815	.16
G000402835	.50
G000403035	.45
G000403135	.03
G000403215	.15
G000403255	.11
G000403275	.08
G000403295	.11
G000403315	.08
G000403335	.10
G000403355	.06
G000403395	.06
G000403415	.08
G000403435	.06
G000403455	.11
G000403475	.11
G000403495	.10
G000403785	.03
G000403845	.08
G000403945	.13
G000404125	.01
G000404785	.20
G000405345	.54
G000405605	.46
G000405805	.41
G000405945	.41
G000406005	.28
G000406105	.03
G000406145	.11
G000406165	.04
G000406925	.02
G000406945	.02
G000406965	.02
G000407145	.02
G000407165	.02
G000407185	.02
G000407285	.02
G000407365	.02
G000407445	.02
G000407485	.03
G000407505	.03
G000407545	.02
G000407565	.02
G000407605	.02
G000409775	.01
G000410515	.01
G000410535	.14
G000410875	.01
G000411115	.02
G000411135	.06
G000411155	.05
G000411255	.11
G000411295	.03
G000411315	.09
G000411375	.04
G000411415	.04
G000411455	.05
G000411475	.03
G000411555	.04
G000411975	.10
G000412185	.03
G000412335	.01
G000412635	.06
G000412675	.01
G000412695	.01
G000412995	.11
G000413015	.13
G000413055	.12
G000413095	.11
G000413315	.05
G000413435	.09
G000413475	.04
G000413855	.02
G000413935	.02
G000414115	.17
G000414175	.04
G000415185	.02
G000415505	.10
G000416235	.02
G000416275	.04
G000416315	.23
G000416965	.03
G000416985	.02
G000417505	.12
G000417905	.02
G000418325	.12
G000418365	.04
G000418555	.03
G000419445	.05
G000419465	.43
G000419525	.01
G000419545	.15
G000419585	.03
G000419605	.05
G000419685	.02
G000419765	.03
G000420025	.06
G000420045	.01
G000420065	.04
G000420085	.12
G000420105	.27
G000420145	.02
G000420165	.02
G000420245	.01
G000420265	.02
G000420305	.03
G000420325	.02
G000420345	.07
G000420365	.06
G000420385	.07
G000420405	.04
G000420425	.06
G000420445	.05
G000420465	.07
G000420485	.06
G000420505	.05
G000420525	.01
G000420545	.02
G000420605	.05
G000420625	.02
G000420645	.01
G000420665	.02
G000420705	.03
G000420725	.02
G000420745	.04
G000420765	.03
G000420785	.03
G000420805	.04
G000420825	.10
G000420845	.12
G000420865	.10
G000420945	.13
G000421005	.09
G000421045	.12
G000421065	.06
G000421085	.03
G000421105	.03
G000421145	.05
G000421165	.01
G000421185	.03
G000421225	.06
G000421265	.02
G000421285	.11
G000421325	.24
G000421345	.11
G000421405	.12
G000421445	.05
G000421465	.04
G000421485	.07
G000421525	.04
G000421545	.05
G000421565	.05
G000421585	.06
G000421605	.09
G000421625	.11
G000421645	.04
G000421665	.04
G000421705	.02
G000421725	.04
G000421745	.03
G000421765	.01
G000421825	.05
G000421845	.06
G000421965	.05
G000422085	.01
G000422205	.08
G000422245	.08
G000422265	.04
G000422285	.11
G000422305	.02
G000422325	.01
G000422345	.02
G000422365	.02
G000422385	.05
G000422405	.06
G000422425	.02
G000422445	.04
G000422465	.08
G000422485	.05
G000422505	.13
G000422545	.07
G000422565	.06
G000422585	.03
G000422625	.07
G000422645	.01
G000422665	.01
G000422685	.02
G000422705	.02
G000422725	.03
G000422745	.05
G000422765	.03
G000422785	.02
G000422805	.03
G000422825	.03
G000422845	.02
G000422865	.01
G000422885	.03
G000422905	.10
G000422925	.05
G000422945	.02
G000422965	.02
G000422985	.03
G000423005	.02
G000423025	.04
G000423045	.02
G000423065	.02
G000423085	.04
G000423105	.04
G000423125	.01
G000423145	.06
G000423165	.01
G000423185	.04
G000423205	.04
G000423225	.03
G000423245	.03
G000423265	.03
G000423285	.01
G000423305	.04
G000423325	.01
G000423345	.01
G000423365	.02
G000423405	.02
G000423425	.08
G000423445	.05
G000423465	.04
G000423485	.05
G000423505	.04
G000423525	.05
G000423545	.01
G000423565	.03
G000423585	.02
G000423605	.02
G000423625	.05
G000423645	.02
G000423665	.13
G000423705	.02
G000423725	.04
G000423745	.03
G000423765	.03
G000423785	.04
G000423825	.02
G000423845	.06
G000423865	.07
G000423885	.03
G000423905	.08
G000423925	.11
G000423945	.09
G000424005	.09
G000424065	.06
G000424105	.11
G000424145	.13
G000424185	.03
G000424205	.05
G000424265	.10
G000424285	.10
G000424305	.10
G000424325	.09
G000424365	.10
G000424385	.10
G000424445	.09
G000424465	.11
G000424545	.11
G000424585	.11
G000424625	.09
G000424665	.02
G000424685	.04
G000424765	.06
G000424785	.07
G000424825	.06
G000424845	.03
G000424965	.06
G000424985	.02
G000425005	.09
G000425025	.04
G000425045	.04
G000425065	.09
G000425105	.05
G000425125	.06
G000425145	.02
G000425165	.01
G000425185	.03
G000425205	.03
G000425225	.08
G000425265	.07
G000425285	.04
G000425305	.02
G000425325	.06
G000425345	.01
G000425365	.02
G000425385	.02
G000425405	.01
G000425425	.04
G000425445	.02
G000425465	.02
G000425485	.03
G000425505	.02
G000425525	.09
G000425545	.05
G000425565	.01
G000425585	.03
G000425625	.03
G000425645	.04
G000425665	.02
G000425685	.05
G000425705	.04
G000425725	.01
G000425745	.01
G000425785	.01
G000425805	.01
G000425825	.03
G000425845	.03
G000425865	.05
G000425885	.03
G000425905	.05
G000425945	.11
G000425965	.03
G000425985	.05
G000426005	.01
G000426025	.02
G000426045	.04
G000426065	.06
G000426085	.04
G000426105	.05
G000426125	.02
G000426145	.02
G000426165	.06
G000426185	.04
G000426225	.08
G000426245	.04
G000426285	.03
G000426305	.04
G000426325	.04
G000426345	.01
G000426365	.01
G000426385	.03
G000426445	.03
G000426465	.03
G000426485	.02
G000426505	.03
G000426525	.05
G000426545	.05
G000426565	.03
G000426585	.03
G000426605	.04
G000426625	.07
G000426645	.06
G000426665	.04
G000426685	.03
G000426705	.07
G000426725	.04
G000426745	.04
G000426765	.01
G000426825	.04
G000426845	.04
G000426865	.04
G000426885	.02
G000426925	.14
G000427095	.07
G000427295	.10
G000427315	.11
G000427335	.13
G000427365	.06
G000427385	.05
G000427405	.04
G000427425	.04
G000427445	.04
G000427465	.03
G000427505	.04
G000427625	.04
G000427645	.05
G000427665	.05
G000427725	.03
G000427785	.03
G000427805	.02
G000427825	.05
G000427865	.05
G000427885	.04
G000427905	.05
G000427965	.02
G000428045	.01
G000428065	.03
G000428105	.05
G000428125	.05
G000428145	.02
G000428345	.49
G000428385	.42
G000428465	.01
G000428485	.03
G000428525	.03
G000428585	.02
G000428725	.01
G000428745	.05
G000428765	.02
G000428785	.01
G000428805	.05
G000428825	.07
G000428845	.03
G000428865	.06
G000428885	.07
G000428905	.01
G000428925	.07
G000428945	.11
G000428985	.04
G000429005	.03
G000429025	.05
G000429045	.04
G000429065	.01
G000429085	.06
G000429105	.06
G000429125	.02
G000429145	.01
G000429165	.02
G000429185	.07
G000429225	.06
G000429245	.07
G000429265	.04
G000429305	.07
G000429325	.07
G000429345	.06
G000429365	.05
G000429405	.03
G000429425	.02
G000429445	.03
G000429465	.03
G000429485	.01
G000429505	.02
G000429525	.03
G000429545	.02
G000429565	.02
G000429585	.10
G000429605	.03
G000429625	.03
G000429645	.02
G000429665	.03
G000429685	.04
G000429705	.05
G000429725	.03
G000429765	.04
G000429785	.02
G000429825	.06
G000429845	.02
G000429865	.02
G000429905	.07
G000429925	.07
G000429945	.09
G000429965	.07
G000429985	.08
G000430005	.08
G000430025	.02
G000430045	.14
G000430305	.15
G000430445	.24
G000430505	.04
G000430525	.02
G000430545	.02
G000430585	.03
G000430625	.05
G000430645	.02
G000430665	.02
G000430685	.04
G000430705	.03
G000430725	.02
G000430745	.05
G000430765	.08
G000430785	.07
G000430805	.03
G000430825	.03
G000430845	.03
G000430885	.06
G000430995	.05
G000431015	.06
G000431075	.08
G000431135	.12
G000431155	.03
G000431215	.05
G000431235	.09
G000431275	.08
G000431315	.07
G000431335	.14
G000431495	.13
G000431515	.18
G000431535	.07
G000431775	.11
G000431795	.17
G000431815	.13
G000431835	.06
G000431975	.03
G000432015	.27
G000432135	.14
G000432155	.07
G000432175	.19
G000432255	.16
G000432275	.07
G000432335	.14
G000432375	.11
G000432435	.07
G000432515	.06
G000432575	.17
G000432595	.16
G000432655	.14
G000432735	.13
G000432775	.05
G000432835	.13
G000432855	.19
G000432895	.16
G000432915	.10
G000432995	.09
G000433015	.18
G000433035	.06
G000433095	.09
G000433115	.17
G000433135	.28
G000433175	.08
G000433255	.17
G000433315	.11
G000433335	.14
G000433355	.06
G000433415	.16
G000433455	.16
G000433475	.17
G000433515	.15
G000433535	.11
G000433635	.05
G000433675	.17
G000433735	.12
G000433755	.10
G000433775	.23
G000433875	.17
G000433915	.16
G000433975	.07
G000434015	.20
G000434035	.15
G000434055	.12
G000434115	.10
G000434175	.18
G000434195	.19
G000434215	.14
G000434235	.09
G000434295	.12
G000434335	.13
G000434395	.12
G000434435	.10
G000434475	.11
G000434535	.14
G000434555	.18
G000434615	.11
G000434635	.03
G000434675	.09
G000434695	.06
G000434735	.14
G000434775	.11
G000434835	.16
G000434895	.08
G000434915	.04
G000434935	.07
G000434995	.05
G000435055	.10
G000435075	.04
G000435175	.14
G000435195	.17
G000435275	.16
G000435335	.08
G000435395	.10
G000435475	.10
G000435495	.10
G000435515	.20
G000435535	.24
G000435555	.20
G000435595	.24
G000435615	.06
G000435635	.05
G000435675	.13
G000435715	.09
G000435755	.11
G000435835	.20
G000435975	.11
G000436035	.24
G000436075	.12
G000436095	.09
G000436115	.13
G000436255	.22
G000436335	.08
G000436375	.07
G000436475	.24
G000436495	.07
G000436535	.33
G000436695	.05
G000436735	.11
G000436755	.13
G000436795	.34
G000436835	.05
G000436875	.15
G000436915	.13
G000436975	.18
G000437175	.08
G000437215	.17
G000437235	.09
G000437255	.06
G000437275	.15
G000437315	.16
G000437355	.21
G000437375	.06
G000437395	.11
G000437435	.09
G000437495	.07
G000437515	.11
G000437555	.15
G000437595	.15
G000437635	.07
G000437675	.04
G000437735	.12
G000437755	.15
G000437795	.05
G000437855	.11
G000437895	.13
G000437915	.10
G000438015	.22
G000438075	.20
G000438115	.06
G000438155	.14
G000438175	.09
G000438195	.17
G000438255	.27
G000438295	.17
G000438355	.15
G000438415	.20
G000438455	.04
G000438985	.37
G000439025	.11
G000439085	.03
G000439105	.07
G000439375	.02
G000439435	.17
G000439455	.17
G000440115	.03
G000440235	.03
G000440555	.03
G000441555	.29
G000442255	.10
G000442275	.02
G000442315	.16
G000442515	.03
G000442645	.05
G000443165	.02
G000443995	.09
G000444055	.04
G000444135	.01
G000444875	.07
G000444995	.03
G000445065	.07
G000445105	.03
G000445125	.06
G000445185	.06
G000445425	.11
G000445445	.05
G000445475	.07
G000445995	.05
G000447205	.03
G000447245	.07
G000447295	.16
G000447755	.10
G000447775	.38
G000447795	.09
G000448485	.18
G000448565	.08
G000449425	.09
G000452245	.10
G000452705	.03
G000454065	.06
G000454545	.01
G000454725	.18
G000455125	.04
G000455205	.07
G000455225	.05
G000455245	.09
G000455265	.10
G000455285	.12
G000455325	.06
G000455445	.03
G000455485	.13
G000455605	.03
G000455825	.07
G000463015	.03
G000463075	.09
G000463115	.02
G000463155	.02
G000466165	.06
G000466265	.04
G000466385	.05
G000466405	.06
G000466425	.02
G000466485	.09
G000466585	.09
G000466685	.08
G000466745	.08
G000466965	.13
G000466985	.20
G000467105	.01
G000467125	.03
G000467185	.04
G000467855	.04
G000467935	.06
G000468015	.04
G000468035	.05
G000468055	.12
G000468095	.01
G000468115	.13
G000468495	.05
G000468535	.05
G000468755	.05
G000469135	.03
G000469155	.04
G000469305	.15
G000469325	.03
G000469345	.08
G000469385	.05
G000469465	.03
G000469505	.06
G000469545	.05
G000469585	.06
G000469665	.21
G000470055	.09
G000470315	.11
G000470535	.08
G000470775	.07
G000471025	.17
G000471045	.05
G000471625	.02
G000471645	.05
G000471925	.04
G000471965	.21
G000472185	.02
G000472285	.04
G000472385	.05
G000472425	.05
G000472445	.01
G000472505	.02
G000472525	.03
G000472545	.03
G000472565	.13
G000472605	.13
G000472665	.07
G000472705	.03
G000472785	.05
G000472805	.08
G000472865	.06
G000472905	.03
G000472925	.06
G000472965	.04
G000473045	.07
G000473065	.05
G000473085	.03
G000473105	.03
G000473145	.03
G000473165	.02
G000473205	.04
G000473225	.02
G000473245	.10
G000473265	.05
G000473305	.04
G000473325	.02
G000473365	.05
G000473895	.09
G000473995	.05
G000474215	.03
G000474255	.02
G000474275	.02
G000474745	.07
G000474945	.02
G000476275	.10
G000477415	.54
G000477435	.03
G000478175	.05
G000478195	.14
G000478275	.09
G000478585	.01
G000478605	.05
G000478685	.10
G000478825	.10
G000478885	.09
G000478985	.07
G000479005	.02
G000479045	.07
G000482245	.13
G000482325	.05
G000482365	.06
G000482385	.08
G000482425	.04
G000482465	.02
G000482485	.07
G000482505	.05
G000482545	.03
G000482585	.05
G000482705	.04
G000482725	.03
G000482745	.07
G000482765	.08
G000482785	.02
G000482805	.08
G000482845	.04
G000482865	.08
G000483125	.06
G000483165	.18
G000483485	.02
G000484535	.12
G000484595	.06
G000484635	.02
G000484655	.09
G000484695	.07
G000485475	.25
G000485495	.27
G000485795	.02
G000485905	.02
G000487975	.01
G000487995	.05
G000488215	.03
G000488255	.01
G000488275	.02
G000488855	.08
G000492175	.04
G000493015	.01
G000493815	.08
G000493945	.21
G000493965	.18
G000494225	.25
G000494755	.09
G000495255	.31
G000495435	.07
G000495505	.09
G000495795	.02
G000495815	.02
G000495835	.02
G000495855	.02
G000495915	.06
G000496075	.02
G000496285	.10
G000496475	.02
G000496575	.02
G000496595	.03
G000496695	.04
G000496735	.04
G000496755	.01
G000496835	.05
G000497205	.06
G000497245	.07
G000497405	.12
G000497445	.14
G000497575	.03
G000497755	.02
G000497835	.03
G000498095	.07
G000498355	.07
G000498395	.01
G000498475	.02
G000498495	.02
G000498535	.02
G000498575	.01
G000498755	.13
G000498955	.05
G000499185	.06
G000499205	.12
G000499285	.06
G000499525	.10
G000499785	.05
G000500045	.12
G000500065	.14
G000500915	.10
G000500935	.20
G000502715	.06
G000502835	.05
G000502875	.03
G000502955	.10
G000503055	.04
G000503195	.07
G000503215	.02
G000503775	.08
G000503835	.33
G000503875	.34
G000503895	.04
G000503915	.24
G000504085	.07
G000504165	.04
G000504225	.13
G000504245	.09
G000504285	.13
G000504305	.08
G000504425	.02
G000504605	.61
G000504625	.22
G000505065	.30
G000505545	.05
G000505665	.11
G000506865	.06
G000506985	.03
G000507145	.03
G000507185	.01
G000507245	.08
G000507845	.09
G000508085	.02
G000508165	.01
G000508185	.06
G000508225	.14
G000508245	.57
G000508625	.08
G000508865	.18
G000508985	.16
G000509105	.16
G000509125	.11
G000509225	.02
G000510265	.12
G000510425	.05
G000510645	.05
G000510725	.01
G000510805	.02
G000510845	.37
G000511175	.13
G000511355	.02
G000511385	.02
G000511875	.01
G000511955	.05
G000512205	.05
G000512235	.10
G000512355	.10
G000512675	.28
G000512695	.02
G000512735	.14
G000512895	.04
G000512915	.02
G000513055	.41
G000513075	.55
G000513095	.07
G000513115	.07
G000513135	.06
G000513195	.05
G000513215	.02
G000513275	.13
G000513295	.03
G000513475	.26
G000513555	.10
G000513715	.19
G000513895	.03
G000513935	.05
G000513955	.01
G000513995	.01
G000514015	.03
G000514715	.07
G000514775	.09
G000514815	.09
G000515115	.07
G000515215	.04
G000515235	.10
G000515255	.03
G000515275	.02
G000515315	.02
G000515335	.07
G000515355	.26
G000515395	.11
G000515415	.05
G000516515	.08
G000516555	.02
G000517005	.07
G000517025	.11
G000517065	.05
G000517085	.04
G000517105	.16
G000517125	.03
G000517265	.03
G000517385	.20
G000517405	.04
G000517425	.03
G000517545	.18
G000517565	.07
G000518085	.02
G000518165	.02
G000518185	.02
G000518205	.04
G000518225	.09
G000518245	.07
G000518265	.08
G000518285	.19
G000518305	.30
G000518365	.02
G000518485	.02
G000518545	.03
G000518605	.04
G000518645	.04
G000518665	.03
G000518685	.08
G000518705	.02
G000518725	.19
G000518745	.01
G000518765	.03
G000518785	.03
G000518805	.01
G000518865	.04
G000518885	.05
G000518925	.03
G000518985	.03
G000519005	.03
G000519045	.03
G000519085	.06
G000519105	.04
G000519125	.06
G000519185	.01
G000519205	.07
G000519265	.07
G000519305	.03
G000519325	.07
G000519345	.21
G000520015	.01
G000520495	.11
G000520515	.15
G000520535	.17
G000520555	.04
G000520595	.08
G000520715	.12
G000520735	.14
G000520815	.06
G000520955	.02
G000520975	.02
G000520995	.03
G000521215	.07
G000521465	.32
G000521485	.26
G000521505	.02
G000521565	.17
G000521605	.01
G000521785	.03
G000521805	.01
G000521865	.02
G000522425	.20
G000522505	.06
G000522985	.05
G000523235	.04
G000523275	.09
G000523515	.06
G000524475	.04
G000524555	.30
G000525025	.02
G000525655	.04
G000525675	.06
G000525775	.07
G000525795	.19
G000525835	.11
G000525855	.18
G000525875	.14
G000525915	.09
G000525975	.12
G000525995	.16
G000526155	.05
G000526195	.06
G000526215	.11
G000526235	.11
G000526255	.16
G000526275	.02
G000526315	.04
G000526335	.04
G000526355	.03
G000526375	.11
G000526395	.07
G000526415	.06
G000526435	.08
G000526455	.08
G000526495	.06
G000526515	.03
G000526575	.10
G000526635	.03
G000526675	.02
G000526695	.01
G000526715	.01
G000526775	.07
G000526795	.03
G000526915	.05
G000526935	.18
G000526955	.28
G000526995	.09
G000527035	.03
G000527095	.03
G000527135	.02
G000527155	.03
G000527175	.02
G000527275	.02
G000527695	.02
G000531095	.21
G000531125	.05
G000550785	.03
G000550805	.03
G000559025	.02
G000559085	.04
G000564995	.05
G000565015	.04
G000565175	.18
G000565195	.21
G000565215	.17
G000565285	.07
G000565345	.15
G000566685	.03
G000568255	.22
G000568405	.02
G000568755	.17
G000568815	.09
G000571935	.03
G000576305	.13
G000576425	.06
G000576555	.03
G000576575	.06
G000576595	.04
G000576635	.05
G000577245	.10
G000577275	.04
G000577335	.10
G000577555	.07
G000577615	.03
G000577815	.08
G000577895	.06
G000582535	.28
G000582685	.14
G000582785	.09
G000583045	.03
G000583135	.07
G000583655	.18
G000583875	.21
G000585015	.11
G000585055	.12
G000585075	.05
G000585215	.04
G000585255	.05
G000585335	.08
G000585355	.05
G000585375	.09
G000585395	.08
G000585415	.02
G000585995	.02
G000586015	.21
G000586315	.04
G000586435	.38
G000586475	.22
G000586555	.05
G000588875	.15
G000590475	.01
G000590555	.05
G000590865	.03
G000590885	.08
G000590925	.09
G000591415	.07
G000597705	.01
G000597725	.08
G000597865	.06
G000597885	.04
G000598065	.19
G000599605	.04
G000599865	.07
G000599885	.02
G000599985	.04
G000600005	.03
G000600295	.01
G000600335	.18
G000600975	.04
G000601455	.08
G000601485	.11
G000603945	.04
G000607165	.04
G000611675	.02
G000612445	.10
G000612485	.05
G000612505	.08
G000612545	.06
G000612585	.02
G000612625	.06
G000612665	.09
G000612725	.06
G000612805	.07
G000612845	.09
G000612865	.06
G000613065	.24
G000613125	.08
G000613185	.04
G000613245	.04
G000613285	.30
G000613345	.13
G000613385	.13
G000613405	.09
G000613445	.16
G000613465	.15
G000613725	.06
G000613785	.10
G000613805	.08
G000613845	.21
G000613865	.17
G000613885	.23
G000613905	.18
G000613925	.10
G000613945	.16
G000614025	.05
G000614065	.19
G000614105	.15
G000614125	.17
G000614145	.13
G000614185	.19
G000614205	.14
G000614545	.23
G000614585	.28
G000614975	.09
G000615285	.11
G000615445	.06
G000615765	.18
G000615805	.16
G000615845	.07
G000615905	.07
G000615945	.13
G000615975	.16
G000616095	.12
G000617845	.04
G000617925	.14
G000619805	.08
G000619825	.04
G000619845	.01
G000619885	.03
G000619905	.02
G000619925	.13
G000619945	.10
G000619965	.05
G000620005	.28
G000620045	.01
G000620065	.08
G000620085	.04
G000620105	.01
G000620125	.05
G000620145	.01
G000620165	.02
G000620185	.03
G000620205	.05
G000620225	.02
G000620305	.03
G000620465	.02
G000620505	.02
G000620545	.05
G000620565	.10
G000620625	.04
G000620645	.03
G000620665	.02
G000620685	.06
G000620705	.03
G000620725	.06
G000620765	.07
G000620785	.04
G000620805	.04
G000620845	.03
G000620865	.03
G000620945	.06
G000620985	.02
G000621025	.01
G000621085	.28
G000621125	.02
G000621145	.09
G000621165	.01
G000621185	.02
G000621205	.02
G000621225	.03
G000621325	.02
G000621405	.07
G000621425	.10
G000621445	.04
G000621485	.04
G000621505	.06
G000621525	.03
G000621545	.06
G000621565	.12
G000621585	.07
G000621605	.12
G000621625	.02
G000621665	.04
G000621705	.07
G000621725	.03
G000621745	.06
G000621765	.07
G000621785	.03
G000621805	.05
G000621845	.03
G000621865	.09
G000621905	.08
G000621985	.10
G000622005	.07
G000622025	.08
G000622085	.14
G000622145	.03
G000622165	.28
G000622205	.29
G000622225	.03
G000622245	.05
G000622325	.02
G000622365	.03
G000622385	.02
G000622405	.03
G000622895	.15
G000626635	.05
G000626675	.04
G000626715	.02
G000631985	.02
G000632025	.03
G000632225	.06
G000632455	.01
G000632515	.04
G000632715	.02
G000632805	.03
G000632845	.13
G000632985	.17
G000633255	.02
G000633355	.01
G000633395	.02
G000633415	.05
G000633455	.02
G000633515	.03
G000633535	.07
G000633595	.05
G000633635	.04
G000633935	.02
G000634115	.19
G000634195	.26
G000634215	.12
G000634415	.35
G000634515	.15
G000634735	.18
G000635015	.20
G000635495	.11
G000635535	.62
G000635915	.02
G000636015	.08
G000647975	.02
G000648235	.13
G000648615	.05
G000648925	.05
G000657795	.03
G000661915	.01
G000661955	.02
G000671395	.03
G000681355	.15
G000682675	.02
G000682695	.02
G000682715	.02
G000682735	.03
G000682755	.03
G000682775	.04
G000684975	.02
G000685015	.03
G000685035	.09
G000685075	.05
G000685095	.01
G000685215	.03
G000685235	.04
G000685275	.02
G000685295	.02
G000685315	.02
G000685355	.16
G000685805	.02
G000685825	.04
G000685865	.05
G000685905	.23
G000685965	.06
G000686025	.04
G000686045	.02
G000686085	.02
G000686125	.04
G000686145	.10
G000686525	.08
G000686565	.11
G000686585	.26
G000686605	.03
G000686665	.08
G000686705	.05
G000686725	.06
G000686805	.07
G000686845	.20
G000686885	.02
G000686905	.01
G000686925	.01
G000686945	.06
G000687145	.12
G000687165	.02
G000687455	.04
G000687535	.10
G000687555	.08
G000687655	.10
G000687675	.09
G000687695	.09
G000687715	.03
G000687735	.14
G000687755	.02
G000687775	.27
G000687795	.24
G000687815	.31
G000687835	.16
G000687875	.02
G000687915	.03
G000687935	.03
G000687975	.09
G000687995	.07
G000688015	.05
G000688075	.03
G000688095	.07
G000688115	.02
G000688235	.02
G000688255	.02
G000688295	.02
G000688335	.03
G000688375	.04
G000688395	.03
G000688415	.05
G000688455	.04
G000688475	.03
G000688515	.02
G000688615	.04
G000688655	.02
G000688695	.02
G000689255	.04
G000689375	.18
G000689395	.07
G000689415	.02
G000690055	.01
G000690905	.02
G000691145	.02
G000691165	.02
G000691225	.04
G000691525	.04
G000691805	.05
G000695095	.08
G000695255	.23
G000695625	.05
G000695685	.07
G000695745	.51
G000695795	.04
G000695835	.27
G000696095	.06
G000696115	.06
G000696185	.07
G000696225	.04
G000696305	.02
G000696385	.13
G000696575	.02
G000697965	.04
G000698125	.18
G000698145	.22
G000698555	.02
G000698575	.02
G000698595	.02
G000699505	.05
G000701265	.03
G000701325	.06
G000701345	.02
G000701365	.05
G000701385	.13
G000701405	.08
G000701425	.07
G000701445	.02
G000701465	.04
G000701485	.28
G000701505	.03
G000701525	.18
G000701625	.13
G000701665	.03
G000701685	.02
G000701705	.05
G000701725	.07
G000701785	.25
G000701805	.28
G000701825	.32
G000701865	.32
G000701905	.06
G000701945	.04
G000702005	.07
G000702025	.09
G000702065	.07
G000702085	.08
G000702165	.07
G000702205	.11
G000702245	.09
G000702265	.09
G000702305	.02
G000702325	.01
G000702385	.03
G000702425	.14
G000702445	.09
G000702465	.04
G000702485	.05
G000702505	.18
G000702525	.09
G000702545	.05
G000702585	.03
G000702605	.05
G000702625	.03
G000702665	.09
G000702685	.10
G000702705	.28
G000702725	.18
G000702785	.28
G000702805	.30
G000702825	.03
G000702845	.10
G000702885	.07
G000702905	.05
G000702945	.23
G000703005	.10
G000703045	.07
G000703065	.10
G000703085	.08
G000703165	.10
G000705555	.04
G000706625	.02
G000706645	.03
G000706765	.06
G000708045	.01
G000708265	.02
G000708285	.02
G000708525	.12
G000708595	.02
G000708615	.03
G000708675	.02
G000708715	.01
G000708755	.05
G000708885	.03
G000709085	.06
G000709345	.02
G000709555	.42
G000709795	.03
G000710035	.01
G000710345	.03
G000710775	.03
G000710915	.16
G000710935	.02
G000711195	.01
G000711225	.05
G000711235	.02
G000711245	.02
G000711295	.08
G000711715	.04
G000711725	.05
G000711735	.07
G000711795	.01
G000711805	.01
G000711825	.07
G000711875	.01
G000711885	.02
G000711895	.03
G000711955	.02
G000711965	.04
G000711975	.03
G000711985	.01
G000712035	.04
G000712055	.06
G000712075	.02
G000712135	.02
G000712165	.28
G000712185	.29
G000712295	.08
G000712595	.11
G000712975	.01
G000714435	.03
G000714535	.04
G000714545	.04
G000714715	.12
G000714765	.03
G000714815	.02
G000714935	.07
G000715015	.03
G000715205	.02
G000715495	.03
G000715505	.03
G000715605	.28
G000715615	.24
G000715635	.31
G000715685	.21
G000715825	.28
G000715845	.06
G000715855	.23
G000716335	.05
G000716435	.08
G000716445	.07
G000716465	.07
G000716535	.05
G000716545	.06
G000716595	.08
G000716605	.06
G000716675	.10
G000716685	.05
G000716715	.13
G000716785	.07
G000716875	.06
G000717025	.05
G000717055	.07
G000717135	.09
G000717175	.05
G000717185	.08
G000717245	.04
G000717275	.03
G000717335	.06
G000717345	.06
G000717475	.08
G000717595	.05
G000717645	.07
G000717655	.07
G000717715	.05
G000717735	.06
G000717745	.04
G000717875	.07
G000717915	.07
G000717995	.04
G000718015	.04
G000718025	.07
G000718085	.06
G000718095	.05
G000718135	.06
G000718165	.05
G000718255	.05
G000718305	.04
G000718325	.07
G000718455	.04
G000718515	.08
G000718555	.07
G000718635	.06
G000718775	.06
G000718785	.05
G000718985	.05
G000719025	.06
G000719095	.05
G000719105	.07
G000719115	.06
G000719135	.07
G000719265	.04
G000719285	.09
G000719335	.07
G000719345	.03
G000719475	.06
G000719515	.04
G000719555	.04
G000719695	.05
G000719705	.05
G000719775	.05
G000719865	.05
G000719955	.06
G000719975	.05
G000720115	.03
G000720135	.05
G000720145	.05
G000720175	.07
G000720185	.06
G000720255	.07
G000720325	.11
G000720335	.04
G000720375	.10
G000720425	.07
G000720475	.07
G000720485	.04
G000720535	.08
G000720555	.10
G000720635	.06
G000720725	.12
G000720765	.06
G000720805	.06
G000720835	.06
G000720845	.04
G000720925	.04
G000720995	.06
G000721075	.11
G000721105	.05
G000721175	.06
G000721235	.04
G000721265	.05
G000721275	.03
G000721375	.06
G000721495	.06
G000721605	.08
G000721705	.11
G000722545	.08
G000722615	.06
G000722635	.01
G000722685	.03
G000722695	.04
G000722705	.03
G000722765	.03
G000722775	.04
G000722875	.04
G000723165	.02
G000723205	.02
G000723365	.26
G000723385	.06
G000723405	.02
G000723465	.06
G000723505	.06
G000723785	.02
G000723885	.11
G000724085	.06
G000724175	.04
G000724485	.05
G000724545	.04
G000724605	.06
G000724625	.10
G000725125	.05
G000725195	.29
G000725285	.02
G000725345	.08
G000725385	.01
G000725485	.11
G000725495	.08
G000725545	.04
G000725555	.05
G000725625	.07
G000725805	.05
G000725885	.09
G000729995	.04
G000730165	.02
G000730245	.06
G000730385	.02
G000730425	.02
G000730565	.01
G000730605	.03
G000730625	.01
G000730645	.01
G000730665	.02
G000731095	.01
G000731315	.03
G000731675	.04
G000731795	.07
G000731915	.32
G000731955	.01
G000732195	.05
G000732485	.04
G000732535	.02
G000732605	.13
G000732615	.05
G000732625	.02
G000732635	.15
G000732725	.14
G000732925	.06
G000732945	.05
G000733125	.02
G000733295	.13
G000733415	.15
G000733475	.02
G000733725	.02
G000733755	.15
G000733765	.02
G000733775	.04
G000733845	.03
G000733855	.03
G000733865	.29
G000733915	.03
G000733925	.02
G000733935	.06
G000733945	.02
G000734015	.07
G000734895	.12
G000734965	.01
G000735045	.02
G000735135	.04
G000735195	.09
G000735345	.02
G000735355	.01
G000735365	.02
G000735375	.02
G000735435	.02
G000735455	.02
G000735525	.01
G000735585	.02
G000735605	.03
G000735695	.04
G000735715	.02
G000736415	.09
G000737065	.04
G000737195	.05
G000737245	.01
G000737315	.11
G000737325	.13
G000737335	.13
G000737515	.03
G000737535	.10
G000737575	.10
G000737595	.10
G000737695	.02
G000737705	.03
G000737715	.03
G000737765	.03
G000737785	.05
G000737845	.07
G000737945	.15
G000737985	.03
G000738005	.08
G000738085	.17
G000738175	.04
G000738265	.04
G000738435	.03
G000738675	.02
G000738775	.05
G000739015	.05
G000739085	.05
G000739375	.02
G000739435	.01
G000739455	.05
G000739515	.13
G000739535	.13
G000739615	.10
G000739635	.07
G000739655	.12
G000739695	.02
G000739715	.03
G000739735	.01
G000739775	.04
G000739815	.03
G000739875	.02
G000739895	.07
G000739915	.08
G000739935	.02
G000739975	.03
G000739995	.02
G000740015	.03
G000740055	.04
G000740675	.05
G000740775	.02
G000740785	.03
G000740795	.02
G000741135	.06
G000741165	.07
G000741175	.09
G000741205	.06
G000741215	.06
G000741255	.07
G000741285	.07
G000741295	.07
G000741495	.05
G000741525	.07
G000741535	.05
G000741575	.06
G000741645	.07
G000741695	.07
G000741705	.05
G000741715	.06
G000741765	.09
G000741775	.06
G000741785	.08
G000742135	.03
G000742475	.10
G000742835	.07
G000742895	.11
G000743035	.06
G000743355	.03
G000743525	.06
G000743535	.01
G000743575	.02
G000743705	.02
G000743715	.02
G000743945	.02
G000744095	.06
G000744105	.02
G000744115	.04
G000744175	.09
G000744185	.03
G000744225	.07
G000744255	.03
G000744285	.03
G000744325	.02
G000744375	.04
G000744415	.02
G000744435	.08
G000744465	.02
G000744505	.04
G000744515	.02
G000744565	.03
G000744605	.02
G000744655	.07
G000744705	.07
G000744735	.03
G000744775	.08
G000744785	.06
G000744815	.05
G000744825	.03
G000744835	.05
G000744875	.01
G000744885	.11
G000744895	.03
G000744935	.14
G000744945	.05
G000744955	.03
G000744995	.02
G000745005	.04
G000745055	.03
G000745065	.09
G000745125	.03
G000745135	.03
G000745175	.07
G000745185	.03
G000745215	.04
G000745255	.03
G000745265	.02
G000745315	.02
G000745325	.04
G000745345	.07
G000745375	.05
G000745425	.04
G000745455	.07
G000745475	.02
G000745535	.03
G000745545	.02
G000745575	.04
G000745655	.03
G000745675	.07
G000745715	.05
G000745725	.04
G000745735	.05
G000745775	.02
G000745795	.02
G000745835	.06
G000745855	.02
G000745895	.01
G000745905	.12
G000745915	.07
G000745955	.01
G000745965	.08
G000745975	.09
G000746015	.11
G000746025	.06
G000746085	.03
G000746095	.02
G000746255	.07
G000746265	.03
G000746275	.02
G000746385	.03
G000746395	.05
G000746525	.01
G000746585	.03
G000746825	.03
G000746845	.02
G000746925	.10
G000747075	.02
G000747095	.09
G000747155	.02
G000747525	.02
G000747625	.08
G000747665	.12
G000749845	.03
G000750005	.02
G000750535	.07
G000750635	.11
G000750955	.10
G000751075	.06
G000751295	.04
G000751355	.03
G000751555	.09
G000751595	.02
G000751755	.02
G000751775	.05
G000751835	.01
G000751855	.01
G000752035	.07
G000752215	.06
G000752675	.06
G000752995	.01
G000753435	.09
G000753455	.10
G000753575	.19
G000753715	.01
G000753735	.01
G000753795	.01
G000753865	.02
G000753945	.33
G000754095	.02
G000754225	.01
G000754265	.11
G000754445	.13
G000754455	.38
G000754695	.04
G000754805	.01
G000754815	.01
G000755145	.15
G000755285	.18
G000755385	.26
G000755425	.27
G000755505	.13
G000755705	.09
G000756305	.11
G000756375	.02
G000756385	.02
G000756615	.07
G000756655	.02
G000756665	.01
G000756715	.03
G000756735	.11
G000756775	.01
G000756795	.02
G000756815	.04
G000757385	.03
G000757425	.03
G000757485	.03
G000757605	.10
G000757725	.02
G000757825	.01
G000757845	.10
G000757865	.10
G000757885	.06
G000758165	.13
G000758305	.02
G000758325	.02
G000758525	.10
G000758545	.09
G000758585	.09
G000758605	.09
G000758625	.11
G000758665	.10
G000758685	.08
G000758705	.11
G000758725	.09
G000758755	.06
G000758825	.04
G000758885	.07
G000758905	.07
G000758925	.04
G000758985	.05
G000759025	.02
G000759345	.01
G000759435	.04
G000759445	.01
G000759475	.01
G000759535	.02
G000759615	.02
G000759655	.33
G000759675	.07
G000759715	.04
G000759755	.01
G000759775	.01
G000759795	.01
G000759815	.02
G000759835	.02
G000759855	.10
G000759885	.10
G000759955	.10
G000759975	.10
G000760035	.10
G000760095	.10
G000760115	.10
G000760175	.09
G000760215	.09
G000760295	.09
G000760595	.02
G000760615	.05
G000760695	.16
G000760735	.04
G000760935	.06
G000761155	.05
G000761215	.05
G000761245	.01
G000761445	.01
G000761475	.01
G000761485	.06
G000761495	.01
G000761545	.01
G000762405	.02
G000762845	.09
G000762875	.12
G000762985	.04
G000763055	.04
G000763135	.09
G000763295	.02
G000763315	.03
G000763375	.05
G000763385	.14
G000763495	.09
G000763575	.05
G000763805	.05
G000763885	.03
G000763905	.02
G000763945	.02
G000764025	.02
G000764185	.03
G000764205	.01
G000764225	.02
G000764325	.02
G000764495	.19
G000764535	.05
G000764555	.04
G000764645	.02
G000764655	.03
G000764665	.01
G000765145	.10
G000765215	.08
G000765235	.04
G000765665	.09
G000765675	.10
G000765695	.10
G000765745	.12
G000765805	.10
G000765825	.09
G000765905	.10
G000766145	.08
G000766795	.04
G000766865	.07
G000766945	.02
G000767055	.04
G000767165	.11
G000767215	.07
G000767255	.23
G000767465	.04
G000767615	.03
G000767835	.06
G000768065	.03
G000768315	.02
G000768335	.02
G000768345	.01
G000768355	.01
G000768555	.02
G000768675	.03
G000768685	.04
G000768695	.05
G000768705	.03
G000768855	.04
G000768875	.05
G000769075	.05
G000769115	.04
G000769405	.06
G000769715	.20
G000769915	.02
G000770195	.24
G000770305	.05
G000770585	.11
G000770635	.06
G000770645	.09
G000770675	.04
G000770795	.02
G000770925	.07
G000771225	.06
G000771265	.06
G000771405	.06
G000771745	.08
G000771875	.01
G000772045	.03
G000772085	.05
G000772105	.02
G000772535	.01
G000772705	.01
G000772895	.06
G000772935	.06
G000772945	.08
G000772955	.06
G000772965	.03
G000773685	.02
G000773965	.01
G000773975	.02
G000774145	.03
G000775285	.24
G000775575	.05
G000775615	.04
G000775715	.01
G000775915	.05
G000775995	.11
G000783305	.02
G000783395	.02
G000784735	.03
G000784835	.08
G000785105	.05
G000785145	.14
G000785435	.01
G000785515	.03
G000785535	.03
G000785555	.03
G000785785	.16
G000786105	.20
G000786205	.04
G000786215	.02
G000786655	.04
G000786695	.03
G000787375	.02
G000787395	.02
G000787695	.14
G000787715	.05
G000787775	.06
G000787815	.08
G000787835	.09
G000787855	.07
G000788395	.02
G000789235	.02
G000789395	.09
G000794385	.12
G000797445	.02
G000797465	.02
G000797495	.12
G000797515	.20
G000798815	.05
G000798955	.04
G000799075	.07
G000799115	.02
G000799165	.02
G000799195	.03
G000799235	.03
G000799245	.02
G000799255	.02
G000799285	.06
G000799305	.02
G000799335	.03
G000799375	.03
G000799385	.06
G000799455	.03
G000799465	.03
G000799515	.03
G000799565	.02
G000799595	.10
G000799605	.03
G000799715	.04
G000799735	.02
G000799755	.03
G000799775	.03
G000799845	.03
G000800015	.04
G000800095	.03
G000800255	.01
G000800455	.06
G000800615	.01
G000801295	.02
G000801315	.03
G000801335	.10
G000801955	.02
G000802045	.05
G000802095	.06
G000802155	.02
G000802185	.06
G000802225	.04
G000802235	.03
G000802245	.06
G000802305	.05
G000802365	.04
G000802385	.04
G000802425	.02
G000802965	.01
G000803065	.03
G000803105	.03
G000803215	.03
G000803315	.04
G000803625	.25
G000803645	.02
G000805335	.07
G000805385	.05
G000805455	.02
G000805675	.05
G000807255	.07
G000807275	.03
G000807675	.11
G000807775	.01
G000807855	.05
G000807925	.07
G000808015	.06
G000808095	.16
G000808535	.01
G000808575	.01
G000812025	.03
G000812465	.03
G000812565	.04
G000812665	.05
G000812685	.05
G000812865	.04
G000812875	.04
G000812945	.04
G000812965	.02
G000813005	.03
G000813125	.07
G000813145	.06
G000813345	.08
G000813425	.04
G000813705	.04
G000813725	.02
G000813745	.03
G000813765	.06
G000813825	.03
G000813845	.03
G000813965	.02
G000813985	.03
G000814005	.02
G000814025	.03
G000814325	.04
G000814475	.04
G000814665	.01
G000814675	.02
G000814685	.26
G000814765	.01
G000814825	.07
G000814845	.01
G000814905	.01
G000815025	.18
G000815065	.33
G000815105	.01
G000815225	.04
G000815465	.04
G000816085	.02
G000816145	.09
G000816185	.07
G000816245	.07
G000816305	.07
G000816495	.01
G000816565	.04
G000816675	.14
G000816785	.08
G000816845	.03
G000817085	.25
G000817105	.15
G000817115	.21
G000817735	.14
G000817745	.10
G000817785	.17
G000817815	.05
G000817895	.02
G000817955	.05
G000818015	.03
G000818095	.08
G000818175	.16
G000818195	.10
G000818395	.03
G000819445	.05
G000819565	.03
G000819685	.01
G000819725	.01
G000819745	.02
G000819765	.03
G000819785	.01
G000819805	.02
G000819845	.01
G000819865	.01
G000819885	.01
G000819955	.03
G000819985	.01
G000820005	.01
G000820025	.02
G000820045	.02
G000820085	.01
G000820105	.01
G000820125	.02
G000820145	.01
G000820165	.03
G000820185	.01
G000820225	.01
G000820305	.01
G000820505	.02
G000820515	.04
G000820705	.12
G000820725	.13
G000820765	.06
G000820845	.06
G000821045	.02
G000821065	.04
G000821085	.03
G000821185	.02
G000821245	.04
G000821305	.07
G000821325	.04
G000824785	.03
G000824805	.06
G000824825	.03
G000824845	.03
G000825685	.09
G000825765	.13
G000826065	.04
G000826085	.03
G000826105	.01
G000826125	.05
G000826145	.04
G000826185	.06
G000826525	.05
G000826545	.10
G000826645	.02
G000826655	.02
G000826685	.05
G000827125	.02
G000827555	.03
G000827595	.01
G000827885	.03
G000827935	.03
G000828055	.03
G000828075	.18
G000828085	.13
G000828125	.05
G000828475	.03
G000828515	.11
G000828615	.01
G000828635	.03
G000828655	.09
G000828675	.08
G000828715	.02
G000828815	.18
G000828835	.07
G000828855	.29
G000828895	.02
G000828915	.02
G000828975	.02
G000829035	.03
G000829055	.04
G000829155	.48
G000829195	.04
G000829235	.10
G000829315	.12
G000829375	.04
G000829395	.05
G000829415	.01
G000829435	.06
G000829445	.06
G000829455	.16
G000829465	.14
G000829515	.06
G000829675	.02
G000829695	.06
G000829755	.10
G000829825	.03
G000829905	.08
G000830005	.10
G000830175	.08
G000830255	.08
G000830415	.26
G000830505	.09
G000830885	.13
G000830985	.21
G000831005	.16
G000831085	.11
G000831385	.02
G000831645	.04
G000832015	.02
G000832025	.04
G000832065	.01
G000832125	.02
G000832545	.04
G000832605	.10
G000832985	.06
G000833025	.02
G000833575	.05
G000833605	.03
G000834015	.04
G000834055	.08
G000834635	.03
G000834655	.02
G000835165	.03
G000836725	.03
G000855665	.03
G000875755	.20
G000875895	.02
G000875945	.13
G000875975	.10
G000876015	.02
G000876205	.06
G000876655	.05
G000876675	.04
G000877395	.03
G000878135	.07
G000878195	.05
G000931445	.06
G000931465	.03
G000931935	.11
G000934465	.03
G000934545	.02
G000934605	.01
G000934685	.03
G000934705	.02
G000934725	.04
G000934745	.07
G000934755	.07
G000934765	.01
G000934845	.02
G000935025	.03
G000935045	.01
G000935125	.07
G000935205	.09
G000935215	.03
G000935355	.08
G000935965	.04
G000936425	.06
G000938255	.04
G000938265	.06
G000938305	.04
G000938735	.03
G000939975	.01
G000940805	.04
G000940845	.06
G000940995	.03
G000941055	.04
G000941075	.33
G000942395	.04
G000943545	.05
G000943555	.03
G000943565	.03
G000946815	.18
G000948285	.02
G000948395	.07
G000948415	.02
G000948975	.01
G000948985	.02
G000949135	.02
G000949295	.08
G000949385	.01
G000949425	.06
G000949455	.07
G000949475	.04
G000949635	.11
G000949865	.03
G000949895	.04
G000950415	.07
G000950575	.04
G000951135	.02
G000952155	.14
G000952685	.01
G000952795	.03
G000952855	.02
G000952975	.06
G000953015	.02
G000953135	.04
G000953215	.06
G000953435	.38
G000953475	.14
G000953635	.02
G000953655	.02
G000953675	.08
G000953695	.01
G000953715	.07
G000953735	.01
G000953825	.02
G000953855	.02
G000954095	.16
G000954115	.07
G000955725	.04
G000955735	.05
G000955745	.06
G000955785	.03
G000955795	.02
G000955805	.02
G000955815	.03
G000955875	.05
G000955955	.08
G000956405	.25
G000956465	.06
G000956475	.05
G000956505	.05
G000956525	.05
G000956535	.05
G000956545	.04
G000956595	.06
G000959245	.05
G000959365	.05
G000959445	.03
G000959525	.02
G000959725	.04
G000959945	.03
G000960035	.03
G000960085	.03
G000960475	.04
G000960765	.09
G000960975	.04
G000960995	.02
G000961095	.07
G000961575	.05
G000961585	.05
G000961595	.08
G000961635	.36
G000961645	.08
G000961655	.07
G000961695	.04
G000961725	.09
G000961745	.23
G000961765	.03
G000961795	.04
G000961805	.13
G000961845	.07
G000961885	.06
G000962805	.03
G000962825	.07
G000963005	.01
G000963255	.03
G000963275	.03
G000963515	.10
G000963575	.03
G000963695	.22
G000963705	.23
G000963865	.02
G000963885	.02
G000963925	.02
G000963945	.02
G000963965	.02
G000964005	.04
G000964085	.03
G000964225	.02
G000964245	.02
G000964365	.15
G000964405	.04
G000964425	.02
G000964465	.02
G000964525	.11
G000964545	.02
G000964595	.21
G000964685	.10
G000964795	.09
G000966195	.04
G000966285	.05
G000966355	.05
G000967185	.06
G000967195	.05
G000967265	.06
G000967495	.02
G000967545	.01
G000967655	.01
G000967725	.03
G000967805	.02
G000967865	.06
G000967895	.02
G000967915	.10
G000967965	.02
G000968015	.01
G000968055	.10
G000968135	.02
G000968175	.02
G000968195	.03
G000968375	.06
G000968535	.02
G000968685	.10
G000969415	.03
G000969445	.02
G000969605	.02
G000969645	.02
G000969705	.07
G000969765	.29
G000969825	.04
G000969835	.04
G000970345	.03
G000970375	.29
G000970455	.03
G000970465	.03
G000970675	.03
G000970685	.05
G000970755	.05
G000970795	.05
G000970855	.08
G000970895	.61
G000971055	.03
G000971115	.04
G000971135	.04
G000971155	.04
G000971175	.04
G000971195	.04
G000971215	.05
G000971235	.04
G000971255	.04
G000971275	.02
G000971295	.02
G000971335	.03
G000971395	.04
G000971475	.03
G000971765	.07
G000971965	.07
G000971975	.06
G000971985	.06
G000972145	.01
G000972385	.07
G000972495	.03
G000972705	.29
G000972765	.12
G000972785	.01
G000972865	.01
G000973085	.07
G000973105	.02
G000973125	.03
G000973505	.20
G000973525	.01
G000973545	.19
G000973625	.02
G000973725	.03
G000974365	.12
G000974425	.03
G000974445	.08
G000974485	.06
G000974665	.04
G000974685	.01
G000974765	.05
G000974785	.05
G000974805	.04
G000974985	.05
G000975035	.04
G000975055	.04
G000975095	.04
G000975115	.04
G000975135	.04
G000975155	.04
G000980375	.06
G000980495	.03
G000980705	.10
G000980735	.62
G000980815	.05
G000980835	.05
G000980875	.10
G000980885	.09
G000980895	.06
G000981035	.08
G000981225	.13
G000981385	.22
G000981505	.02
G000981585	.08
G000981625	.34
G000981645	.13
G000981705	.18
G000981765	.01
G000981785	.09
G000981805	.02
G000981895	.09
G000982415	.02
G000982825	.02
G000982955	.09
G000983115	.09
G000985875	.06
G000985895	.04
G000986785	.06
G000986795	.03
G000986865	.10
G000987045	.06
G000987075	.03
G000987375	.13
G000987445	.27
G000987765	.01
G000987775	.01
G000987835	.08
G000987955	.17
G000988205	.11
G000989185	.23
G000989195	.25
G000989305	.44
G000989515	.29
G000989525	.21
G000989565	.33
G000989675	.38
G000989765	.36
G000989955	.21
G000990005	.40
G000990145	.59
G000990305	.44
G000990325	.33
G000990355	.24
G000990445	.52
G000990565	.44
G000990585	.27
G000990945	.38
G000991135	.31
G000991185	.44
